monitoringlocationid,monitoringlocationname,monitoringlocationlatitude,monitoringlocationlongitude,count,mean,median,min,max
08-179,Wilcox Lake,43.949049,-79.436034,33,123.6654245979091,8.507056,0.0,1795.49
08-180,Eversley Lake,43.957772,-79.500823,21,9.174385344095239,2.693536844,0.0,57.16478497
08-183,Unnamed lake,43.747219,-79.735133,35,97.92992671348571,5.3,0.0,1276.397274
08-184,Heart Lake,43.740539,-79.795426,32,75.53477937815626,8.7787765,-0.016255,785.38
08-188,Fairy Lake,43.621242,-80.048136,35,79.2100628403143,9.399859,0.0,660.094137
08-192,Green Lake,43.839801,-80.008756,34,47.767219944882356,6.6471525,0.0,571.319059
10,Lake Ontario,43.668,-79.267,311,30.652959395498392,2.0,0.0014,386.0
10002,Lake Ontario:Ontario Place at  bay,43.6277629,-79.4148216,16,79.7875,23.7,0.0,363.0
1001,East Humber River,43.86944,-79.56667,8,173.5125,32.6,7.5,500.0
1002,Rouge River,43.86944,-79.37222,8,127.5875,21.450000000000003,7.2,400.0
1003,Rouge River,43.86944,-79.31667,8,128.5,25.75,6.8,400.0
1004,Rouge River,43.86944,-79.26667,8,184.3375,52.0,7.3,600.0
1005,Rouge River,43.86944,-79.20278,8,140.825,17.0,8.0,475.0
1007,Credit River Alton Branch,43.875,-80.1,8,98.8625,22.5,1.0,350.0
1008,Credit River Alton Branch,43.875,-80.075,8,112.025,25.0,0.0,400.0
1013,Rouge River,43.88333,-79.39444,6,48.6,11.1,5.0,239.4
1014,Duffins Creek,43.88333,-79.16944,8,125.8875,16.15,7.6,405.0
1018,Credit River,43.89167,-80.06944,8,154.475,25.25,0.0,600.0
1019,Humber River,43.89167,-79.85556,8,125.925,15.5,7.1,375.0
10238,Humber River:Second dam on Humber,43.6532295,-79.5027969,8,257.025,125.5,6.0,918.0
1024,Credit River,43.9,-80.03333,8,162.9875,20.0,8.0,575.0
1025,Centreville Creek,43.9,-79.85556,2,19.0,19.0,16.0,22.0
1026,Cold Creek,43.9,-79.73333,2,19.5,19.5,13.0,26.0
1027,Cold Creek,43.9,-79.71667,2,16.0,16.0,11.0,21.0
1031,Credit River,43.90278,-80.05,8,131.3625,18.5,7.2,450.0
1033,Humber River,43.90556,-79.83611,8,115.0875,16.1,5.0,350.0
1034,Humber River,43.90556,-79.71944,8,138.775,14.0,5.0,400.0
10341,Lake Ontario:Coronation Park,43.6328693,-79.4082355,9,70.72777777777777,24.7,0.0,292.0
1035,Centreville Creek,43.90833,-79.83333,2,23.0,23.0,20.0,26.0
1036,East Humber River,43.91111,-79.58889,8,208.7875,13.25,8.0,675.0
1038,Credit River,43.91389,-80.04722,8,137.975,21.5,7.6,500.0
1039,Centreville Creek,43.91389,-79.85833,2,22.0,22.0,18.0,26.0
1043,Credit River,43.91667,-80.05833,8,156.05,26.0,2.0,600.0
1044,Cold Creek,43.91667,-79.73333,2,17.5,17.5,14.0,21.0
1045,Rouge River,43.91667,-79.34722,8,160.325,18.35,2.0,505.0
1047,Credit River,43.92222,-80.06944,8,115.32499999999999,25.0,7.9,425.0
1048,Rouge River,43.92222,-79.34167,8,176.71249999999998,14.9,2.0,575.0
1051,Centreville Creek,43.925,-79.86667,2,16.5,16.5,11.0,22.0
1054,Credit River,43.93056,-80.08333,8,176.3875,19.5,6.0,650.0
1057,Centreville Creek,43.93333,-79.83333,4,26.0,25.5,22.0,31.0
1058,Humber River,43.93333,-79.81111,8,124.7125,19.4,0.0,400.0
1059,Duffins Creek,43.93333,-79.2,2,18.5,18.5,18.0,19.0
1060,Duffins Creek,43.93333,-79.18333,2,17.5,17.5,17.0,18.0
1063,Rouge River,43.93611,-79.29167,8,127.3125,19.95,5.0,450.0
1068,Credit River,43.95,-80.03889,8,129.4375,22.0,6.6,450.0
1069,Centreville Creek,43.95,-79.89722,2,19.5,19.5,13.0,26.0
1070,Duffins Creek,43.95,-79.21667,2,13.25,13.25,12.0,14.5
1071,Duffins Creek,43.95,-79.20833,6,56.71666666666667,15.6,5.0,266.8
10747,Lake Ontario:Len Ford Park,43.5884699,-79.5307374,7,95.51428571428572,24.0,0.0,374.0
10785,Lake Ontario:East Point Park Beach,43.7611455,-79.1507435,7,100.01428571428572,13.7,0.0,441.0
10791,Don River West Branch:Wilket Creek Trail,43.7214337,-79.3526173,33,217.28636363636363,22.0,0.0,1767.0
1081,Rouge River,43.96667,-79.28889,6,43.166666666666664,13.6,5.0,198.4
1082,Duffins Creek,43.96667,-79.23333,2,15.0,15.0,13.0,17.0
1083,Duffins Creek,43.96667,-79.21667,2,12.5,12.5,11.0,14.0
1084,Duffins Creek,43.96667,-79.18333,2,21.75,21.75,16.5,27.0
10843,Don River West Branch:Beaver Flats Trail Beach,43.71597,-79.34649,40,229.95250000000001,22.0,0.0,1999.0
10844,Don River West Branch:Beach at E.T. Seton Park Parking Lot,43.71595,-79.34972,32,213.809375,21.9,0.0,1775.0
1085,Duffins Creek,43.96667,-79.16667,2,20.0,20.0,18.0,22.0
1094,Rouge River,43.97222,-79.30833,8,108.275,19.65,5.0,370.0
1098,Rouge River,43.975,-79.37222,6,57.900000000000006,13.700000000000001,7.4,280.8
1099,Duffins Creek,43.975,-79.20556,8,81.8375,17.8,2.0,220.0
11,Lake Ontario,43.585,-79.312,442,31.270496081447966,2.1,0.0,342.0
1101,Duffins Creek,43.97778,-79.22222,8,141.1,16.5,5.0,475.0
1105,Holland River,43.98333,-79.49722,8,109.7125,20.0,8.7,350.0
1106,Duffins Creek,43.98333,-79.25,2,13.5,13.5,12.0,15.0
1107,Duffins Creek,43.98333,-79.18333,10,107.96,15.85,8.5,405.0
1108,Duffins Creek,43.98333,-79.15,2,14.0,14.0,12.0,16.0
1112,Holland River,43.98611,-79.45278,8,134.0125,14.75,0.0,425.0
1116,Holland River,43.98889,-79.70556,8,125.025,23.25,8.7,400.0
1117,Holland River,43.98889,-79.62222,8,117.35,18.5,0.0,400.0
1120,Holland River,43.99167,-79.45,2,12.75,12.75,10.5,15.0
1121,Holland River,43.99167,-79.42222,8,128.175,19.0,8.4,425.0
11217,Don River West Branch:Bridge to Serena Gundy Park,43.72011,-79.35755,8,224.725,23.15,0.0,1312.0
1123,Holland River East Branch,43.99444,-79.42222,8,119.625,22.0,8.1,380.0
1127,Duffins Creek,43.99722,-79.25556,6,49.166666666666664,11.25,8.1,225.7
11272,Humber River:Humber River at Weston Lions Park,43.6979094,-79.5199559,8,182.875,18.1,0.0,887.0
1132,Holland River,44.00278,-79.50278,8,159.075,20.5,8.6,550.0
1135,Holland River,44.00556,-79.65,8,167.825,20.0,6.6,600.0
1136,Holland River,44.00556,-79.45833,8,131.65,18.5,8.2,425.0
1137,Holland River,44.00556,-79.37778,8,119.725,21.25,8.0,400.0
1144,Holland River East Branch,44.00833,-79.4,8,97.2,22.0,9.0,300.0
1145,Holland River,44.00833,-79.39722,2,20.5,20.5,19.0,22.0
1147,Holland River,44.01111,-79.68889,8,176.15,28.25,6.0,650.0
1148,Holland River,44.01111,-79.57222,8,138.375,35.75,7.1,450.0
1151,Holland River East Branch,44.01389,-79.34444,6,48.81666666666666,10.5,8.7,239.4
1153,Holland River,44.01667,-79.61944,8,254.71249999999998,17.75,5.0,1000.0
1154,Holland River,44.01667,-79.47222,2,20.0,20.0,19.0,21.0
1157,Holland River,44.01944,-79.65833,8,146.5875,23.5,8.0,500.0
1158,Holland River,44.01944,-79.47778,8,254.9,29.0,7.0,1000.0
1159,Holland River East Branch,44.01944,-79.475,8,176.025,33.8,6.8,580.0
1161,Holland River,44.02222,-79.68889,8,169.0625,29.75,8.0,600.0
1162,Holland River,44.02222,-79.63611,8,147.375,23.5,5.0,500.0
1163,Holland River East Branch,44.02222,-79.46667,8,143.025,29.8,7.8,455.0
1173,Holland River,44.03333,-79.57778,8,117.9875,27.0,0.0,400.0
1179,Holland River,44.03611,-79.43333,8,129.65,21.75,8.7,450.0
1186,Holland River,44.03889,-79.45,2,19.75,19.75,18.5,21.0
1189,Holland River,44.04167,-79.56944,8,159.5875,19.0,1.0,550.0
1193,Holland River East Branch,44.04722,-79.38611,8,104.9375,19.75,2.0,350.0
1196,Bogart Creek,44.05,-79.4,2,20.5,20.5,19.0,22.0
1200,Holland River East Branch,44.05278,-79.43333,8,140.15,22.1,8.3,445.0
1201,Black River,44.05278,-79.35556,2,19.5,19.5,16.0,23.0
1209,Holland River,44.05833,-79.625,8,143.725,27.0,8.0,500.0
1210,Holland River,44.05833,-79.61944,8,155.575,23.5,7.0,550.0
1211,Holland River,44.05833,-79.53889,8,92.85,18.5,6.8,300.0
1212,Holland River,44.05833,-79.43333,8,111.975,24.0,8.8,375.0
1213,Black River,44.05833,-79.38611,2,25.0,25.0,20.0,30.0
1214,Black River,44.05833,-79.33056,2,18.0,18.0,13.0,23.0
1293,Lake Ontario,43.5533,-79.5483,3,6.466666666666666,3.3,3.1,13.0
1297,Lake Ontario,43.5414,-79.5711,2,7.75,7.75,3.5,12.0
1320,Lake Ontario,43.5744,-79.5064,70,41.39055857142857,7.505,0.0027,367.0
1321,Lake Ontario,43.5642,-79.4956,70,40.50153857142857,7.535,0.0031,359.0
1322,Lake Ontario,43.5369,-79.4719,71,39.693252112676056,7.48,0.0028,342.0
1323,Lake Ontario,43.6078,-79.4378,70,41.11472571428571,7.49,0.0031,357.0
1324,Lake Ontario,43.5817,-79.4114,67,42.80192985074627,7.64,0.0031,345.0
1325,Lake Ontario,43.6536,-79.2681,69,41.83904492753623,7.73,0.0033,344.0
1326,Lake Ontario,43.6431,-79.2544,68,42.32843970588235,7.755000000000001,0.003,341.0
1327,Lake Ontario,43.6142,-79.2347,68,42.40338529411764,7.755,0.003,340.0
1328,Lake Ontario,43.7689,-79.1086,67,43.35099253731343,8.13,0.0029,356.0
1393,Lake Ontario:Bathurst Quay,43.63645,-79.397,656,609.7705671903659,20.65,0.0,24196.0
1490,Lake Ontario:Bathurst Quay - A,43.635718,-79.3962622,152,228.87565789473683,18.0,1.5,9804.0
16018402302,Blue Springs Creek : At 3Rd Line Road Nassagaweya Township,43.57605976,-80.10913748,1460,111.62124504657534,8.0,-1.62,644.0
16018404002,Eramosa River : Third Conc Eramosa Twp,43.60649326,-80.15496436,1233,73.22977534468775,1.3,0.0,670.0
16018409402,Eramosa River : At Highway No 7 Rockwood,43.61601364,-80.14026511,567,64.71608112874779,1.8,0.0,600.0
16018410202,"Eramosa River : Wellington Cnty Rd 41,  Watson Rd S, ,Nw Of Arkel",43.54792364,-80.18239673,8566,90.58984884240408,8.13,-16.4,6808.0
16018410902,Eramosa River : At Highway No.25,43.68754826,-80.11897123,2030,94.01602639901478,1.92,-0.81,10152.0
1611,"Etobicoke Creek:Marie Curtis Park, Etobicoke",43.5865926,-79.5432258,7,391.04285714285714,36.0,0.0,1909.0
17100,Tannery Creek - Yonge St,44.021955,-79.473527,376,79.89473138297872,16.1,0.013,1150.0
18183,Kettleby Creek,44.03453,-79.571471,2365,55.64327268498943,6.5,0.0,5200.0
18198,Upper Schomberg River,44.012264,-79.685406,2280,35.18746144736842,12.6,0.0,5022.0
2150,"Lake Ontario:Toronto Harbourfront, 275 Queens Quay",43.6385288,-79.3873572,123,397.21455284552843,23.0,0.95,2420.0
2154,Lake Ontario:Marina 4,43.6389947,-79.384439,54,237.37648148148148,22.0,0.0,5172.0
2155,Lake Ontario:Marina 4 - E,43.638094,-79.3845248,11,419.3545454545454,33.0,5.0,2420.0
2393,Lake:Lake ontario,43.6380629,-79.3408585,30,74.21666666666667,22.85,0.0,361.0
2653,Freshwater Lagoon:Long Pond,43.6162404,-79.37989,7,105.24285714285715,11.3,7.0,362.0
2654,Freshwater Lagoon:Long Pond,43.6163958,-79.3787098,7,116.85714285714286,11.9,7.3,362.0
2662,Lake Ontario at the Credit River:J.C. Saddington Park,43.5475839,-79.5820856,7,75.85714285714286,23.0,0.0,200.0
3005701702,Nottawasaga River : At Concession Road 2 Adjala Township,44.04441439,-79.94018836,358,67.51299441340782,2.2,0.001,510.0
3005702402,"Beeton Creek : Simcoe Cnty Rd 10,  North Of Tottenham",44.04108851,-79.81122698,5069,79.45699073979878,6.9,-7.58,1023.0
3005702802,"Nottawasaga River : Mono Adjala Townline,  Hockley",44.02452589,-79.96972211,4498,64.8011215275678,8.11,-27.2,4900.0
3007700402,Drainage Canal : S-E Conc.And Newmarket Townline,44.02686689,-79.60492286,4605,81.14724998914224,4.4,0.0,1760.0
3007700502,Drainage Canal : At N-S Rd.West Gwillimbury Township,44.03899051,-79.58362736,5058,104.65232014630288,4.95,0.0,1920.0
3007700602,Holland River : Mulock Drive Newmarket,44.04005851,-79.45936261,5575,121.60105852914799,6.6,0.0,5301.0
3007700702,"Aurora Creek : Yonge St N Of St. Andrew'S College,Auror",44.02220026,-79.47285473,11053,133.46060822021172,7.8,-19.3,10654.0
3007701602,Schomberg River : Second Road West Of Highway 400,44.02773839,-79.62021098,1181,106.31126079593565,4.1,0.0,1490.0
3007701702,Drainage Canal : Upstr.From Pumping Station N-W End,44.04822326,-79.61897523,4374,84.8122019661637,5.0,-40.0,6720.0
3007702402,Bogart Creek : 1St.Conc.Rd.S-E Of Pleasantville,44.03936101,-79.37760786,879,64.29430671217293,2.4,0.0,611.0
3007702902,"Holland River : Simcoe Cnty Rd 27,  N. Of Schomberg",44.01385739,-79.67910198,8217,83.60946092016552,6.0,-17.4,2040.0
3313,Lake ontario:Lake Ontario place- West Island beach,43.627458,-79.4208092,11,187.72727272727272,16.8,0.0,1414.0
349765,Western Creek,44.059877,-79.46210258,524,258.42114828244274,13.35,0.0081,5760.0
4544,Lake Ontario:Humber Bay West Park,43.61564,-79.47722,318,92.48558654347798,20.0,0.0,800.0
4546,Lake Ontario:Marina 4,43.63896,-79.38426,681,103.07800584951542,22.5,0.0,2419.6
4552,Lake Ontario:Ontario Place,43.6275,-79.42141,1181,96.74665506187553,17.5,0.0,4108.2
4555,Lake Ontario:Algonquin Bridge,43.62686,-79.35839,169,67.67730763857988,10.96499092,0.0,434.0
4890,Humber River:Etienne Brule Park,43.6456392,-79.493134,14,171.75,15.1,0.0,1215.0
4891,Humber River:Humber River at Magwood Sanctuary,43.6580001,-79.4992,140,213.00982142857143,10.6,-11.0,3540.0
5045,Eramosa River:Rockwood Conservation Area,43.6103214,-80.1443624,8,125.35,22.2,1.0,548.0
5344,Bristol Pond:Bristol Pond,44.0583186,-79.2282219,2,32.75,32.75,28.5,37.0
5523,Lake Ontario:Rees_Street_Slip,43.63835,-79.38726,664,85.71628849064759,20.0,0.0,2046.2
5582,Lake Ontario:Snake_Island,43.62296,-79.36419,5,49.474000000000004,16.97,2.0,120.0
5583,Lake Ontario:Snake_Island,43.62296,-79.36419,4,57.075,53.9,0.5,120.0
5584,Lake Ontario:Ward_Island,43.6319,-79.35715,5,45.910000000000004,21.0,0.75,120.0
6006300302,Middle Oakville Creek : Hwy.25 1.8 Miles South Of Scotch Block,43.55121489,-79.93637536,3664,67.78402613264193,4.05,-0.48,728.0
6006300402,Middle Oakville Creek : Hwy.25 0.9Miles South Of Scotch Block,43.56068401,-79.94910048,299,59.42716722408027,1.9,0.0,560.0
6006300502,Middle Oakville Creek : At Dam Scotch Block Reservoir,43.56520626,-79.94953548,710,63.16716901408451,2.0,0.0,640.0
6006300602,Middle Oakville Creek : At 3Rd.Conc.Road Twp.Of Esquesing,43.57605851,-79.94611211,213,62.66872769953052,0.85,0.0,640.0
6006300702,Middle Oakville Creek : At Conc.Rd.No.4 Twp.Of Esquesing,43.58967564,-79.94111398,1047,86.89736485195797,2.8,0.0,2755.0
6006301402,"Middle Oakville Creek : Steeles Ave.,  E. Of 5Th Ln,  Milton",43.55475226,-79.85686198,2222,93.15003270882087,8.44,-9.81,1470.0
6007600102,Credit River : At Highway 2,43.55076726,-79.58665698,1624,84.69238823891625,4.75,0.0,1150.0
6007600202,Credit River : Highway 5 Erindale,43.54317526,-79.65801098,8204,95.41647260482691,4.1,-45.0,17644.0
6007600302,Credit River : Highway 7 Norval,43.64721276,-79.85627811,16866,96.62925295955769,6.0,-17.5,13000.0
6007600402,Silver Creek : Highway 7 Norval,43.64635939,-79.86622286,17161,129.26396806476313,7.0,-71.3,32000.0
6007600502,"Black Creek : Churchill Rd,  At Acton Stp",43.62759439,-80.02209311,12659,131.478412375314,6.0,-26.9,51634.0
6007600602,"Credit River : Highway 10 Dnstr.Orangeville, ,1St Crossin",43.90965439,-80.06325348,29060,123.67332431697866,6.8,-29.9,10654.0
6007600702,Black Creek : At Credit River Branch Erin,43.7672495,-80.06072193,24,1.4995833333333335,1.2000000000000002,0.01,5.0
6007600802,"Black Creek : Glen Lawson Rd,  Upstrm Limehouse",43.62923289,-80.01039811,15646,141.56227406948102,6.25,-38.1,46000.0
6007600902,Credit River Erin Branch : At Dundas Street West Erin,43.77204389,-80.07335736,408,72.80104901960785,1.4,0.0,750.0
6007601002,"Credit River : Heritage Rd And King St,  Terra Cotta",43.72381351,-79.93099773,13764,84.5383349319384,6.880000000000001,-16.9,11000.0
6007601202,Silver Creek : At 8Th Line South Of 27 Side Road,43.67765539,-79.96372761,560,76.82085714285715,2.0,0.0,700.0
6007601302,"Credit River : Main St,  Glen Williams",43.66862101,-79.92696273,7934,98.1221005497227,8.17,-18.7,7355.0
6007601402,Credit River : At First Line North-West Of 34Th Side Rd,43.79308814,-79.92885336,657,70.66536656012177,4.7,-3.6,862.0
6007601502,"West Credit River : Winston Churchill Blvd,  Dwnstrm Erin",43.78373676,-80.03480098,12895,75.64846209180303,6.3,-23.7,6499.0
6007601602,"Fletcher'S Creek : Steeles Ave W, Brampton",43.65858539,-79.74145536,14916,237.60902986647895,7.35,-127.0,88000.0
6007601702,"Credit River : Old Derry Rd,  W. Of Hwy No 10",43.62214889,-79.73326498,14057,97.55539258685353,7.39,-18.1,8345.0
6007601802,"Credit River : Beachgrove Sideroad, E. Of Alton",43.85620614,-80.04821261,14573,91.5679917794277,5.51,-22.1,9187.0
6007601902,Credit River : Southern Dam Of Orangeville Reservoir,43.92715364,-80.08416673,18059,79.76183749456781,8.21,-9.71,18987.0
6007602002,Credit River : South Of Hwy.136 Below Orangeville Stp,43.91558126,-80.08324073,1434,117.58547217573222,5.0,0.0001,4695.0
6007602102,Orangeville Creek : At Highway 136 West Of Orangeville Stp,43.91713776,-80.08706586,98,122.5295,0.9750000000000001,0.002,990.0
6007602202,"Silver Creek : Mountainview Rd,  Georgetown",43.63747426,-79.88616561,13473,112.71809634673791,7.6,-21.6,13000.0
6007602302,"Credit River : Highpoint Sideroad,  Dwnstr,Dam At Melvill",43.88846164,-80.06330648,28906,124.88389452959248,7.98,-41.5,9748.0
6007602402,"Credit River : Hwy 10,  Dwnstr Orangeville, ,2Nd Crossin",43.90183089,-80.05252636,18119,130.1934812025443,8.0,-16.7,9318.0
6007602502,West Credit River : Lot 25 Con 9 Erin Township,43.81453551,-80.14275073,26,1.8137884615384616,0.24,0.003,22.0
6007602602,West Credit River : Lot 25 Con 8 Erin Township,43.79105996,-80.13901383,27,1.422962962962963,0.24,0.01,9.0
6007602702,West Credit River : Lot 24 Con 8 Erin Township,43.78718114,-80.14212373,11,1.1054545454545455,0.37,0.01,4.25
6007602802,"West Credit River : Upstr. Rd. 22 West Of Hwy 25,Erin Townshi",43.77923376,-80.13389386,12,1.0599999999999998,0.45999999999999996,0.01,3.97
6007602902,West Credit River : Hwy 25 Lot 21W Dnstr. Pond Erin Township,43.77100789,-80.12987473,20,79.99235,12.71,0.007,475.0
6007603002,West Credit River : Conc. 8 Upstr. Marsh Erin Township,43.77158739,-80.09006936,13,1.4106923076923077,0.61,0.009,6.0
6007603102,West Credit River : Upstr. Pond Erin Township,43.76966701,-80.06694736,8,1.75125,1.12,0.01,5.0
6007603202,"West Credit River : Hwy 24 Rd. Crossing Upstr.,Village Of Erin Er",43.76801714,-80.06092861,19,1.6626315789473685,0.48,0.01,7.0
6007603302,"West Credit River : Brisbane Esa Dnstr. Hwy 24,Junction Villag",43.76597439,-80.05744298,16,0.8516250000000001,0.155,0.006,5.3
6007603402,"West Credit River : Brisbane Esa Conc. 8 At Wy 24,Village Erin Eri",43.74908839,-80.05948098,10,2.584,1.21,0.12,9.0
6007603502,"West Credit River : Rd. 23 At Rd. 22 Alton Hills Wetland,Erin Townshi",43.79751051,-80.10607211,4,4.805,0.655,0.01,17.9
6007603602,West Credit River : Lot 20 Conc 8 Near Pond Erin Township,43.78012039,-80.10544211,16,1.77296875,0.46499999999999997,0.0025,7.2
6007603702,"West Credit River : Lot 21 Con 10 Dnstr. Wetland Dam,Erin Townshi",43.80544726,-80.08644261,21,1.2923809523809524,0.38,0.01,7.4
6007603802,"West Credit River : Binkham Esa Lot 19 Con 10,Erin Townshi",43.79555014,-80.07834036,4,2.1525,0.61,0.39,7.0
6007603902,"West Credit River : Binkham Esta Con 10 At Hwy 24,Erin Townshi",43.79540301,-80.06712911,12,1.7566666666666666,0.4,0.05,7.3
6007604002,"West Credit River : Upstr. Dundas St. Erin West Tributary,Erin Townshi",43.78910551,-80.05583911,8,1.96,0.74,0.31,6.4
6007604102,"West Credit River : Lot 15 Con 11 S. Of Cpr,  Erin Township",43.78480526,-80.05655111,9,1.7377777777777779,0.53,0.01,6.2
6007604202,West Credit River : Lot 13 Con 10 Erin Township,43.77452689,-80.04591173,11,1.0752727272727274,0.4,0.008,3.2
6007604302,"West Credit River : Lot 13 Con 11,  Erin Township",43.79582114,-80.01325361,11,1.2055909090909092,0.51,0.0045,3.1
6007604402,West Credit River : Dnstr. Belfound Dam Peel Region,43.79397426,-80.01065661,9,1.2516666666666665,0.62,0.005,2.9
6007604502,West Credit River : Upstr. Forks Of Credit Peel Region,43.79982501,-79.99712661,9,1.2751111111111113,0.88,0.006,2.9
6007604602,"West Credit River : Lot 18 Con 6 Town Of Caledon,Caledon Townshi",43.81852739,-80.06290148,4,1.8275,0.45499999999999996,0.3,6.1
6007604702,"West Credit River : Con 11 At Hwy. 24,  Caledon Township",43.81681676,-80.05799398,12,7.591666666666666,2.0,0.06,46.0
6007604902,"Credit River : Mineola Drive,  North Of Lakeshore Blvd.",43.55390414,-79.59936423,447,308.6575913422819,10.0,-2.7,32000.0
6007605002,Credit River : Mississauga Golf And Country Course,43.54919451,-79.63327273,5704,126.29424233818374,6.380000000000001,-21.1,15000.0
6007605102,"Shaw'S Creek : Mnr Trail,  Alton",43.85975964,-80.05739011,5981,62.34070846681156,5.1,-17.8,5351.0
6007605202,"East Credit River : Upstream Hwy 10,  North Of Inglewood",43.80982126,-79.92764911,6226,70.73577643350465,5.1,-18.0,5148.0
6008000102,Etobicoke Creek : Highway 2 Long Branch,43.58893614,-79.54637823,8213,213.9713713502983,5.3,-0.52,12941.0
6008000202,"Etobicoke Creek West : Derry Rd,  E. Of Dixie Rd,  Mississauga",43.67603001,-79.67343811,4178,259.301459071326,7.92,0.0,21634.0
6008000302,Etobicoke Creek : Burnhamthorpe Road Mississauga,43.63786214,-79.58571948,3375,191.44813525925926,4.1,-40.0,11800.0
6008000402,Etobicoke Creek : At Hwy.10 1.2 Miles N-W Of Snelgrove,43.74456201,-79.83929211,2435,119.68994936344968,6.9,0.0,39168.0
6008000502,"Etobicoke Creek : Marie Curtis Park, ,200M South Of Lakeshore Blvd",43.58740901,-79.54482023,443,436.39264882618505,10.1,-1.55,32000.0
6008000602,Etobicoke Creek 80006,43.60505564,-79.55975311,912,633.3298881578947,57.0,0.0,14124.0
6008000602,"Etobicoke Creek : Qew,  Etobicoke",43.60505564,-79.55975311,6875,221.72487260363636,8.1,-892.0,14605.0
6008000702,Etobicoke Creek 80007,43.67833161,-79.67950826,1925,330.62214836363637,17.3,0.0,10194.0
6008000702,"Etobicoke Creek West : North Of Derry,  East Of Dixie",43.67833164,-79.67950823,5206,135.56175916000768,7.985,-205.0,9919.0
6008200102,Mimico Creek : Highway 2 Mimico,43.62198864,-79.48194336,5402,204.73160662717513,5.2,0.0,12941.0
6008200202,Mimico Creek : Richview Side Road Etobicoke,43.67286489,-79.56929498,2575,214.90290260194178,4.0,-1.15,8100.0
6008200302,Mimico Creek 82003,43.62847489,-79.49287136,916,812.2485906113537,50.0,0.0,20482.0
6008200302,"Mimico Creek : The Queensway,  Etobicoke",43.62847489,-79.49287136,6976,284.5073220455849,8.2,-467.0,24880.0
6008300102,Humber River : Lakeshore Road Toronto,43.63304564,-79.47329636,10229,116.75109443738391,2.97,0.0,33795.0
6008300202,Humber River 83002,43.73686685,-79.6283182,4097,202.32505923358556,15.0,0.0,18600.0
6008300202,Humber River West : Claireville Dam Outlet Claireville,43.73686614,-79.62831823,3981,227.35677101230846,6.0,-2.7,525500.0
6008300302,Humber River : Highway 7 Woodbridge,43.78020989,-79.59121348,4066,88.8808386424004,7.0,-2.55,1349.0
6008300402,Humber River 83004,43.79806764,-79.58105773,3904,149.90632599795083,12.25,0.0,5750.0
6008300402,Humber River East : At Bridge Pine Grove Road,43.79806764,-79.58105773,4081,95.15972919627542,5.2,-3.67,1115.0
6008300502,Humber River : York Peel County Line Bolton,43.88640089,-79.71736561,3641,84.55374114254326,4.5,0.0,940.0
6008300602,Humber River Tributary : At Teston Side Road Concession 5,43.86423776,-79.55816261,1027,119.40267088607595,4.5,0.0,2690.0
6008300702,Humber River Tributary : At Side Road 31 Concession 5,43.87197376,-79.55543998,923,401.5534127843987,10.0,0.0,21961.0
6008300802,Humber River : At Moe Laboratory,43.71106039,-79.53937411,147,129.30956462585036,34.0,0.001,568.0
6008300902,"Cold Creek : King Rd,  Reg Rd 9,  Bolton",43.88810001,-79.71795598,5551,82.58338180381912,6.59,-17.4,5569.0
6008300902,Humber River 83009,43.88810002,-79.71795598,2021,127.70735180603661,14.3,0.0,4200.0
6008301002,Humber River East : At First Concession East Of Nobleton,43.90472414,-79.62788911,372,123.82351182795699,5.5,0.0,995.0
6008301102,Humber River East : 1St.Conc.East Of 401 Above Kinghorn,43.92475101,-79.55451236,350,113.51906000000001,5.0,0.0,1130.0
6008301202,Black Creek : At Scarlett Road Toronto,43.67484451,-79.50532261,3158,292.8075468651045,5.0,-1.2,12810.0
6008301202,Humber River 83012,43.67484451,-79.50532261,4272,404.40573420014044,12.815000000000001,0.0,83000.0
6008301302,Humber River : Concession 5 Adjala Twp Ag-9,43.97032276,-79.88775423,359,49.435506963788306,2.5,0.001,510.0
6008301402,"Humber River West : Co,  Road 14 N-E Of Wildfield Ag-11",43.82161551,-79.72517136,468,154.50825854700855,3.475,0.001,29000.0
6008301502,Humber River : Hwy 427 West Side Tu-1,43.72766626,-79.60033261,306,57.12150653594772,4.9,0.002,835.0
6008301602,Humber River : Hwy 427 East Side Tu-2,43.72771001,-79.60020598,270,58.472396296296296,4.35,0.001,800.0
6008301702,"Salt Creek : Mcvean Dr,  W. Of Castlemore (Ag-11)",43.78942876,-79.70986098,608,40.66427302631579,0.75,0.0,920.0
6008301802,Humber River 83018,43.92614412,-79.80320742,1963,121.33475975547631,14.4,0.0,9890.0
6008301802,Humber River : Upstream Of Hwy 50 & Old Church Rd,43.92614414,-79.80320748,8149,79.6550899906737,6.19,-18.0,9389.0
6008301902,Humber River 83019,43.65143464,-79.49132861,828,338.1472850241546,24.259999999999998,0.0,6689.0
6008301902,"Humber River : Old Mill Rd,  Etobicoke",43.65143464,-79.49132861,25370,204.01742438459954,3.91,-65.1,290000.0
6008302002,Humber River 83020,43.81157551,-79.62750773,3964,113.84231733905146,13.3,0.0,4900.0
6008302102,Humber River East : Rutherford Road,43.81930764,-79.59005623,69,74.95829565217392,9.0,-1.05,667.0
6008302402,East Humber : At 150M Upstr. Of Islington & Thistlewwo,43.79029689,-79.58497136,109,85.33404623853212,8.26,-10.4,734.0
6008302502,"Humber : At Old Mjr. Mackenzie,  325M E. Of Hwy 27",43.83017514,-79.62863573,29,64.43969655172414,10.4,0.0012,500.0
6008302602,"Humber : At Huntington Rd,  300M N. Of Kirby",43.86302414,-79.66920536,28,68.03428571428572,9.225,0.005,511.0
6008302702,"Humber : At Duffy'S Lane,  1.4Km N. Of King Rd",43.88309776,-79.77167198,26,72.53192307692308,7.99,0.01,492.0
6008302802,"Trib To Humber : At Humber Stn Sdrd,  650M S. Of Castleder",43.88396064,-79.79184623,27,64.87839259259259,8.53,0.0016,485.0
6008302902,Humber : At Castlederg Rd. 700M W. Of Duffy'S Lan,43.89405401,-79.79292036,28,65.50733928571428,6.6,0.007,502.0
6008303002,Centreville Creek : Humber In Albion Hills Cons. Area,43.92837214,-79.82875873,29,64.46862068965517,6.0,0.01,504.0
6008303102,"Humber : At Patterson Rd.,  20M E. Of 6Th Line",43.93715851,-79.84057123,28,64.31071428571428,6.74,0.01,501.0
6008303202,"Trib To Humber : At 6Th Line,  30M S. Of Patterson",43.93606701,-79.83753523,27,70.47657407407408,7.0,0.0075,518.0
6008303302,"Humber : At Finnerty Rd.(30Th Srd),  350M W. Ofhwy",43.96354451,-79.86072736,26,78.77678846153846,6.71,0.0075,573.0
6008303402,"Trib To Humber : At Duffy'S Lane,  275M S. Of Hwy 9",43.96477364,-79.87876261,28,54.127178571428566,7.550000000000001,0.001,402.0
6008303502,"Humber River : At 3Rd Line,  500M N. Of Hwy 9",43.96276226,-79.91994273,29,73.96068965517242,7.0,0.01,605.0
6008303602,"Trib To Humber : At 3Rd Line,  900M N. Of Hwy 9",43.96653064,-79.92083973,26,80.57534230769231,6.755,0.0014,585.0
6008303702,"Trib To Humber : At 1St Line,  1Km S. Of Sdrd 5",43.96937526,-79.95571936,26,82.38196923076923,7.26,0.0012,603.0
6008303802,Humber : At Airport Rd. 300M N. Of Hwy 9,43.94879589,-79.97181161,29,69.59143448275861,6.0,0.0016,552.0
6008303902,"Humber : At 6Th Line,  300M N. Of Hwy 9",43.94661389,-79.98572186,28,69.907125,6.625,0.0095,532.0
6008304002,"Humber : At 5Th Line,  400M N. Of Hwy 9",43.94329364,-80.00149098,28,65.72392857142857,7.925,0.01,506.0
6008304102,"Cold Creek West : At Columbia Way, 500M W. Of Albion-Vaugha",43.90331239,-79.73257936,30,66.93503333333334,6.5,0.001,532.0
6008304202,Trib To Cold Creek West : At Old Church Rd. 500M E.Of Mount Hope R,43.94047089,-79.79054898,30,124.62056666666668,9.1,0.0035,1140.0
6008304302,Trib. To Cold Creek West : At Mount Pleasant Rd. 500M S. Of Castled,43.92405401,-79.75099748,27,66.27225925925926,6.0,0.001,464.0
6008304402,"Trib To Cold Creek East : At 15Th Sdrd.,  350M W. Of Cold Creek Rd.",43.90855064,-79.71142998,31,60.9685,3.3,0.001,494.0
6008304502,Cold Creek : At Cold Creek Road,43.90589601,-79.70779186,26,68.02294230769232,3.55,0.0065,462.0
6008304602,"Humber : At Summerlea Park,  5M Upstr. Of W. Humbe",43.73295351,-79.54892473,32,69.908275,4.075,0.0025,637.0
6008304702,West Humber : At Summerlea Park,43.72996251,-79.55219823,27,116.8799037037037,8.42,0.0024,1040.0
6008304802,"Humber : Outfall Kleinburg,  Wpcp",43.83400914,-79.62956411,31,181.10357096774194,8.24,0.0028,1900.0
6008304902,W. Trib To Humber : In Park 350M N. Of Hwy 7 Woodbridge,43.78087926,-79.60401723,29,144.2925068965517,8.32,0.0025,1290.0
6008305002,E. Trib To Humber : In Park 350M N. Of Hwy 7 Woodbridge,43.78075039,-79.60315811,29,101.10937931034483,5.36,0.002,893.0
6008305102,"Centreville Creek : At 3Rd Line,  1.2Km S. Of 20Th Sdrd",43.88059539,-79.83425211,28,71.95792142857142,6.709999999999999,0.0018,563.0
6008305202,"Centreville Creek : At 20Th Sdrd,  200M E. Of 3Rd Line",43.88996851,-79.84351686,24,75.4398125,7.574999999999999,0.0055,489.0
6008305302,"Trib To Centreville Creek : At 4Th Line,  500M N Of Mill Lane",43.90822376,-79.84840648,27,68.38598518518518,6.0,0.0016,492.0
6008305402,"Trib To Centreville Creek : At 2Nd Line,  200M S Of 25Th Sdrd (Patter",43.89691689,-79.87956098,25,71.9013,6.36,0.0025,481.0
6008305502,"Trib To Centreville Creek : At The Grange Sdrd,  500M W. Of Mountain",43.86575026,-79.89274361,27,64.82111111111111,5.0,0.01,460.0
6008305602,"Trib To Humber : 30Th Sdrd,  400M W. Of 4Th Line",43.93548576,-79.89157686,27,64.35581481481482,8.0,0.001,510.0
6008305702,East Humber : At Kinghorn,43.91169089,-79.56409136,31,83.79263870967742,7.2,0.0018,745.0
6008305802,"Humber : At Woodbridge Ave,  50M W. Of Islington A",43.78651564,-79.58949973,31,67.33064193548387,6.0,0.0014,560.0
6008305902,"Humber : At Clarence Rd.,  Woodbridge",43.79117114,-79.59439523,29,66.70902068965518,10.0,0.0016,511.0
6008306002,"Humber : At Albion-Vaughan Twnin, 200M S. Of",43.88639901,-79.71737098,28,65.9344107142857,9.809999999999999,0.0035,491.0
6008306102,"Cold Creek : At King Rd,  20M E. Of Alb-Vghn Twnin",43.88910214,-79.71338886,28,68.82706785714285,7.24,0.0014,502.0
6008310002,Humber River : At Steeles Ave,43.76247651,-79.57969848,25,2368.880808,1.8,0.0002,34000.0
6008310102,Humber River : At Lawrence Ave,43.69899051,-79.52076611,24,2474.7653625,4.98,0.0007,34000.0
6008310202,"Humber River : Humber Marsh, ,0.75 Km Upstream Of The Queenswa",43.63735601,-79.47714711,399,410.41534874686715,12.9,-0.45,34000.0
6008310302,Humber River 83103,43.75823701,-79.67843886,2034,246.30930678466078,18.605,0.0,21600.0
6008310302,"Humber River West : Reg Rd 107,  W. Of Mcvean Drive,Upstream Clairevill",43.75823701,-79.67843886,5202,121.70397621972317,8.14,-34.4,9722.0
6008310402,"Centreville Creek : E. Of Humber Station Rd,  Albion Hills Ca,At Gaug",43.92418126,-79.83452048,5192,75.64524317392141,5.9,-16.7,5940.0
6008310402,Humber River 83104,43.92418127,-79.83452048,2062,122.05366159068865,13.815000000000001,0.0,1930.0
6008500102,Don River : Lakeshore Road Toronto,43.65075276,-79.34726573,10342,184.66795207890158,5.6,0.0,20654.0
6008500202,Don River West : Sheppard Ave Toronto,43.75729014,-79.42999161,3829,175.2080679028467,7.4,0.0,16784.0
6008500302,Don River 85003,43.80312626,-79.39687998,4030,252.67037556104216,12.45,0.0,18460.0
6008500302,Don River East : Bayview And Steeles Ave Toronto,43.80312626,-79.39687998,4526,145.06919253203714,5.8,0.0,3380.0
6008500402,Don River 85004,43.80386488,-79.48313111,4076,331.96452508905793,10.2,0.0,12230.0
6008500402,Don River West : Highway 7 West Of Concord,43.80386489,-79.48313111,4185,169.61929197132616,7.0,-4.19,20327.0
6008500502,German Mills Creek : 16Th.Ave.Dnstr.From Richmond Hill Stp,43.85432614,-79.42789686,3702,380.13875086439765,8.27,0.0,50654.0
6008500602,German Mills Creek : At Elmwood,43.87131189,-79.42806148,220,2071.8095454545455,18.0,0.01,30163.0
6008500702,German Mills Creek : At Richmond Hill,43.87210464,-79.42866536,68,1390.1273529411765,24.5,0.12,21961.0
6008500802,German Mills Creek : At Markham Road Richmond Hill,43.87305426,-79.42922723,29,955.8268965517241,1438.0,0.04,2418.0
6008500902,German Mills Creek : At Roseview Ave Richmond Hill,43.87536589,-79.42948373,188,342.9112234042553,1.1,0.01,2866.0
6008501002,German Mills Creek : At Observatory Lane Richmond Hill,43.85916251,-79.43088748,320,1707.6775312500001,16.45,0.01,21961.0
6008501102,German Mills Creek : At Bayview Ave Upstream From Highway 7,43.84658714,-79.40822573,175,1643.4036,14.8,0.03,30817.0
6008501202,German Mills Creek : At Carters Construction,43.85565126,-79.42852473,102,1740.0883333333334,14.5,0.04,22451.0
6008501302,Don River : Bayview Exit From Don Valley Parkway,43.68031214,-79.36559623,3732,189.30154892818865,5.65,0.0,6500.0
6008501402,Don River 85014,43.68847164,-79.36213573,826,496.8976343825666,21.450000000000003,0.0,10747.0
6008501402,"Don River : Pottery Rd,  Toronto",43.68847164,-79.36213573,26397,428.26037462808654,4.2,-164.0,680000.0
6008501802,Don River : Queen Street Bridge,43.65787626,-79.35429323,450,1401.8275494,13.75,-1.17,160000.0
6009400102,Highland Creek : Downstream From Highland Stp,43.76712551,-79.14515148,1957,622.7363648441493,18.0,0.0,31961.0
6009400202,Highland Creek 94002,43.77987688,-79.16791573,4081,269.71498989561377,10.4,0.0,16040.0
6009400202,Highland Creek : Highland Creek Park West Hill,43.77987689,-79.16791573,4985,178.5240036108325,3.2,-2.58,9680.0
6009700102,Rouge River : At Railroad Trestle Fergussons Beach,43.79449351,-79.11816873,1840,101.66300380434782,5.0,0.0,930.0
6009700202,Rouge River : Highway 48 Markham,43.86875926,-79.25865423,4334,107.47842436548223,5.0,0.0,2560.0
6009700302,Rouge River 97003,43.85845525,-79.23324823,1458,177.3125450617284,9.93,0.0,5772.0
6009700302,Rouge River 97003,43.8593179,-79.20483971,2591,197.63889394094946,12.8,0.0,11000.0
6009700302,"Rouge River : Box Grove, Town Of Markham",43.85845639,-79.23325336,4599,111.2349890845836,6.0,0.0,2260.0
6009700502,"Rouge River : Highway 2,  1Mile West Of Rouge Hill",43.80650751,-79.13385848,4560,98.86549127192983,5.0,0.0,8983.0
6009700602,"Little Rouge Creek : Steeles Ave E,  W. Of Reesor Rd, ,Se Of Markha",43.84830939,-79.20008461,3415,73.88057944363104,3.2,0.0,1630.0
6009700702,"Little Rouge Creek : Reesor Rd,  N. Of Steeles Ave, ,E. Of Markha",43.85933039,-79.20441686,748,81.4270628342246,2.25,0.0,750.0
6009700702,Rouge River 97007,43.85933039,-79.20441686,3769,129.97273099867337,10.0,0.0,20100.0
6009700802,Little Rouge Creek : Highway 7 Locust Hill,43.88597364,-79.20286686,1159,80.73920621225194,2.41,0.0,740.0
6009700902,"Little Rouge Creek : Hwy 48,  N. Of Major Mackenzie Dr,N. Of Markha",43.91988964,-79.27052161,729,82.81111385459533,2.6,0.0,720.0
6009701002,"Little Rouge Creek : Meadowvale Rd,  N. Of Old Finch Ave, ,Rouge Par",43.83038164,-79.18047236,452,80.92773230088495,2.7,0.0,760.0
6009701102,Rouge River 97011,43.81085852,-79.15978098,839,371.76752920143025,50.0,0.0,4840.0
6009701102,"Rouge River : Twyn Rivers Dr,  Scarborough",43.81085851,-79.15978098,11079,127.1565481630111,7.2,-117.0,6630.0
6009701202,Rouge River : At Sewell Road North Of Finch Avenue,43.82751126,-79.19965148,3115,90.4189969823435,5.0,0.0,2110.0
6009701302,Little Rouge Creek : Twin Rivers Drive Scarborough,43.81368114,-79.15676461,4275,97.47228100350877,7.4,-5.82,2736.0
6009701302,Rouge River 97013,43.81368114,-79.15676461,3912,133.89020248261758,10.555,0.0,6500.0
6009701402,Rouge River : At Steeles Ave West Of 9Th Line,43.84209651,-79.22776611,1351,104.24811021465582,7.39,-40.0,1460.0
6009701502,"Little Rouge Creek : 14Th Ave,  E. Of Reesor Rd, ,E. Of Markha",43.86861989,-79.19533311,336,75.55361309523809,2.45,0.0,740.0
6009701602,"Little Rouge Creek : Reesor Rd, N. Of 16Th Ave",43.90810764,-79.21636473,365,73.69584657534247,2.6,0.0,730.0
6009701702,"Little Rouge Creek : 9Th Ln,  N. Of 16Th Ave, ,N. Of Markha",43.91091389,-79.24298098,356,74.96581460674157,2.5,0.0,740.0
6009701802,"Bruce Creek : Major Mackenzie Dr,  W. Of Kennedy Rd.",43.89673301,-79.32307036,5126,90.37149655735466,7.109999999999999,-780.0,11600.0
6009701802,Rouge River 97018,43.89673301,-79.32307036,1868,139.89036006423984,13.89,0.0,1950.0
6009900102,Petticoat Creek : On Finch West Of Sideline 32,43.83429289,-79.14780061,368,97.24702717391305,2.0,0.001,850.0
6010400802,Duffins Creek 104008,43.96144701,-79.12565398,1723,130.65169077190944,13.7,0.0,9720.0
6010400802,"Mitchell Creek : Brock Rd,  Between Conc 8 And 9,S. Of Claremon",43.96144701,-79.12565398,5825,79.30022084412018,7.0,-649.0,6321.0
6010400902,"West Duffins Creek : Whites Rd,  Clarkes Hollow",43.87131789,-79.13304098,1273,78.41181437549098,3.0,0.0,1157.0
6010401002,West Duffins Creek : Highway 7 Green River,43.90173839,-79.18111536,1282,73.6926569422777,1.8,0.0,674.0
6010401102,Stouffville Creek : Downstream Stouffville Stp.,43.96726664,-79.24266973,4766,107.00544993705414,5.85,0.0,2240.0
6010401202,"Stouffville Creek : Bethesda Rd,  N. Of Stouffville",43.98911664,-79.25397936,3650,83.61606312328767,7.5,0.0,10700.0
6010401402,"West Duffins Creek : Sideline 32,  N. Of Hwy 7",43.91576289,-79.17945686,671,66.24924828614009,1.6,0.0001,560.0
6010401502,"Reesor Creek : Sideline 34,  225M S. Of Conc 8, ,W. Of Atha Roa",43.93562801,-79.20092098,3049,104.64646592325353,4.1,-15.0,3495.0
6010401602,"Reesor Creek : Conc 9,  E Of Sideline 34, ,Se Of Stouffvill",43.95440576,-79.20783273,2835,89.91050486772487,6.2,0.0,1091.0
6010401702,"West Duffins Creek : Conc 9,  E. Of Sideline 30, ,N. Of Atha Roa",43.95863664,-79.18909711,404,59.0777646039604,1.8,0.0002,510.0
6010401802,"Wixon Creek : Conc 9,  W. Of Sideline 28, ,N. Of Atha Roa",43.96030314,-79.18168036,393,68.90436666666666,1.8,0.0002,510.0
6010401902,"West Duffins Creek : Railroad Bridge Off Conc 3 And,Dixie R",43.86264139,-79.11045936,374,78.0554385026738,2.3,0.0,820.0
6010402002,"West Duffins Creek : Uxbridge-Pickering Townline, ,E. Of Alton",43.97642564,-79.19599973,490,62.74271510204082,1.8,0.0005,500.0
6010402102,"Wixon Creek : Uxbridge-Pickering Townline, ,E. Of Sideline 2",43.98099376,-79.17578686,490,69.22242489795919,1.35,0.0002,495.0
6010403002,"Mitchell Creek : From Dead End Of Conc 8, ,E. Of Brock R",43.95976801,-79.10396836,369,68.67736964769648,1.5,0.0001,570.0
6010403302,"Mitchell Creek Tributary : Of Sideline 22,  W. Of Claremont",43.97252726,-79.15650298,28,13.028571428571428,12.55,0.0,26.0
6010403402,"West Duffins Creek : Sideline 30,  1Km N. Of Conc 9",43.96774889,-79.19336861,360,62.34502694444444,1.55,0.0002,465.0
6010403502,"West Duffins Creek : Altona Dam,  S. Of Pickering-,Uxbridge Townlin",43.97384564,-79.19369036,26,12.534615384615384,11.35,3.2,23.0
6010403602,West Duffins Creek : Webb Rd. Glasgow,43.99471301,-79.20043436,376,62.081315159574466,1.8,0.001,530.0
6010403702,Duffins Creek 104037,43.93716151,-79.20343036,3773,119.0569525303472,9.61,0.0,5270.0
6010403702,"Reesor Creek : Conc 8,  W. Of Sideline 34,W. Of Atha Roa",43.93716151,-79.20343036,340,88.33591294117647,2.8499999999999996,0.0,992.0
6010403802,"West Duffins Creek : Conc 8,  W Of Sideline 28,  Atha Road",43.94361114,-79.17495586,477,64.74581572327044,1.4,0.0001,485.0
6010404002,"West Duffins Creek : Conc 7 At North Rd,  Ne Of Green River",43.92406451,-79.17271511,341,66.98489853372433,1.59,0.0002,495.0
6010404102,"West Duffins Creek Tributary : North Rd,  S. Of Con 7,  Ne Of Green River",43.92096926,-79.17104273,346,79.16097803468209,1.7,0.001,640.0
6010404202,"Reesor Creek : Conc 7,  W Of Cpr Tracks,  E. Of,Sideline 3",43.92009964,-79.18883473,476,87.1849424369748,2.5,0.0,840.0
6010404302,"West Duffins Creek : Whitevale Rd,  Whitevale",43.88734989,-79.16204811,495,71.85877616161616,2.2,0.0,590.0
6010404402,"West Duffins Creek : Whitevale Dam,  N. Of Whitevale Rd",43.89084264,-79.16770486,28,13.25357142857143,12.85,3.0,25.0
6010404502,"West Duffins Creek : W. Off Golf Club Rd,  S. Of Whitevale",43.88143639,-79.15307836,264,72.31545075757575,2.5,0.0,600.0
6010404702,"Urfe Creek : Hwy 7 At Sideline 20,  W. Of Brougham",43.91709389,-79.11324861,154,79.25932142857143,2.26,-0.38,900.0
6010404802,"Brougham Creek : Hwy 7,  100M W. Of Brock Rd,  Brougham",43.91841314,-79.10794948,172,75.44944767441861,1.95,-1.11,800.0
6010404902,"Ganateskiagon Creek : Hwy 7,  W. Of Sideline 24,  W. Of Brougham",43.91149951,-79.13896711,126,66.1798015873016,2.0,-7.86,750.0
6010405002,"Brougham Creek : Brock Rd.S Of Highway 7,  Brougham",43.91634876,-79.10550161,63,137.8453492063492,7.1,0.005,2500.0
6010405702,"Urfe Creek : Whitevale Rd,  W Of Brock Rd, ,S. Of Brougha",43.90143489,-79.10019611,103,74.04847572815534,7.0,-2.72,630.0
6010405902,"Stouffville Creek : York-Durham Ln,  Se Of Stouffville",43.94653801,-79.21133686,62,111.6223064516129,5.13,0.0012,1070.0
6010406002,"Stouffville Creek : Reesor Rd,  S Of Stouffville",43.95068514,-79.22649673,36,90.4394388888889,5.050000000000001,0.0018,962.0
6010406102,"Stouffville Creek : 19Th Ave,  S. Of Stouffville",43.95543464,-79.23212173,68,99.89154852941176,4.9350000000000005,0.0016,1080.0
6010406202,"Stouffville Creek : Main St,  Upstream Stp,  Stouffville",43.97112351,-79.24791511,62,52.43166612903226,3.0300000000000002,0.001,461.0
6010406302,"Stouffville Creek : Millard St,  Outlet Of Stouffville,Reservoi",43.97700614,-79.24995311,30,37.90613333333333,6.5,0.004,308.0
6010406402,"Ressor Creek : York Durham Line,  Stouffville",43.97820351,-79.22248386,56,58.039696428571425,7.135,0.0012,456.0
6010406502,"Ressor Creek : Uxbridge Pickering Townline, ,E. Of Stouffvill",43.97297014,-79.21111998,55,64.73358181818182,8.22,0.007,488.0
6010406602,"Michell Creek : Conc 9,  E. Of Sideline 20, ,Claremon",43.97055789,-79.13666386,26,75.81230769230768,7.9,0.02,511.0
6010406702,"Duffins Creek Tributary : Sideline 14,  1Km N. Of Con 9, ,W. Of Claremon",43.98526039,-79.11442711,27,62.052592592592596,7.58,0.01,444.0
6010406802,"Wixon Creek Tributary : Uxbridge-Pickering Townline, ,E. Of Conc",43.98242901,-79.16958298,57,58.564729824561404,6.12,0.0016,452.0
6010406902,"Mitchell Creek Tributary : Uxbridge-Pickering Townline, ,450M E. Of Sideline 2",43.98423526,-79.16186498,25,79.98692,8.0,0.003,511.0
6010407002,"Mitchell Creek Tributary : Uxbridge-Pickering Townline, ,500M E. Of Sideline 2",43.98885789,-79.14187961,26,72.84384615384616,5.24,0.01,492.0
6010407102,"Mitchell Creek Tributary : Uxbridge-Pickering Townline, ,350M W. Of Brock R",43.99081801,-79.13349898,28,66.68035714285715,6.0,0.02,481.0
6010407202,"Duffins Creek Tributary : Uxbridge-Pickering Townline, ,1.1Km E. Of Brock R",43.99477551,-79.11663086,29,65.22846551724137,5.0,0.0018,499.0
6010407302,Seep To Trib. Duffins Ck. : At Ux-Pkg Twnin 1100M E.,44.00281001,-79.11566186,27,73.36657037037037,7.9,0.0014,493.0
6010407902,"Trib To Michell Ck : At Durham 5,  300M W. Of S/1 20",43.96878014,-79.14406261,27,77.3617111111111,5.38,0.0012,522.0
6010408002,"Ressor Ck : York-Durham Ln And Bethesda Rd.,W. Of Glasgo",43.99441626,-79.22958111,26,77.34884615384615,7.64,0.01,527.0
6010408102,"Mitchell Creek Tributary : Sideline 20,  1.1Km S. Of Con 9, ,Sw Of Claremon",43.95999951,-79.13595723,28,75.64357142857143,7.68,0.01,540.0
6010408202,"Michell Ck. : Sideline 20,  650M S. Of Conc 9, ,Sw Of Claremon",43.96402876,-79.13771936,27,70.91666666666667,7.36,0.01,506.0
6010408602,"West Duffins Creek Tributary : Markham Pickering Townline, ,Nw Of Green Rive",43.90775239,-79.19374511,27,97.53033333333333,5.64,0.009,759.0
6010408902,"Wixon Creek : Conc 3,  N. Of Uxbridge-Pickering,Townlin",43.98426739,-79.17408661,24,74.48102083333333,4.98,0.0045,478.0
6010409002,"Urfe Creek : Whitevale Rd,  400M W. Of Brock Rd, ,S. Of Brougha",43.90096251,-79.10226048,67,77.8395671641791,8.21,-1.05,572.0
6010409702,Trib. To W. Duffins Cr. : 150M Nw Of Taunton Rd.,43.87450889,-79.13458023,23,80.7524956521739,8.45,0.0014,488.0
6010409802,"Trib. To W. Duffins Cr. : E. Of Golf Course,  Upstr.",43.87527476,-79.13745311,24,80.78264583333333,7.6,0.0055,517.0
6010410002,Mitchell Creek : @ Hoxton St. 225M W. Of Old Brock Rd.,43.98342726,-79.13448873,28,65.73803571428572,6.2,0.005,477.0
6010410302,Wixon Creek : W.Branch 100M N. Of Pick-Ux Twnin,43.98173414,-79.17618773,25,79.56076,6.36,0.009,522.0
6010410402,Seep At Scarp : 500M Upstr. Of Train Bridge Near Dixie,43.86324614,-79.11681973,27,95.9093962962963,6.98,0.0012,600.0
6010410502,Seep At Scarp : 800M Upstr. Of Train Bridge Near Dixie,43.86633476,-79.11721761,26,62.35876923076923,9.84,0.008,394.0
6010410602,Seep At Scarp : At Golf Course Upstr Of Clarkes Hollow,43.87390139,-79.14161723,25,82.9708,8.14,0.01,539.0
6010410702,"Seep At Scarp : Upstr. End,  Clarkes Hollow,  N. Side",43.87303914,-79.13884236,26,80.56513461538461,6.6,0.0035,529.0
6010410802,Stouffville : Wpcp Outflow,43.96713451,-79.24263423,30,143.65992666666668,1.76,0.0014,1390.0
6010410902,Seep At Scarp : 50M S. Of Clarke'S Hollow,43.87125101,-79.13149986,25,71.9648,8.28,0.02,430.0
6010411202,Wixon Creek : At Webb Road,44.00140526,-79.17084523,24,97.30327083333333,9.05,0.0085,580.0
6010411302,West Duffins Creek : At Conc 3,44.01207976,-79.18569348,55,56.84957090909091,5.76,0.0014,442.0
6010411402,"Trib To West Duffins : At Secord Road.,  300M East",44.01555276,-79.18666673,28,74.61216071428571,7.17,0.004,557.0
6010411802,Dug Well : House At Entrance To Secord'S Point,44.01595886,-79.18260669,4,0.5775,0.06999999999999999,0.01,2.16
6010411902,Se Tributary To Secord'S Pond : 100M Upstream,44.01603914,-79.17682186,26,61.27192307692307,4.09,0.004,430.0
6010412002,Duffins : Nw Tributary To Secord'S Pond,44.01842064,-79.17917198,23,77.56019565217392,8.41,0.0045,480.0
6010412102,Small Trib To Secord'S Pond : Near Se Tributary,44.01559889,-79.17782548,27,63.63342592592593,4.8,0.0025,458.0
68B,Lake Ontario,43.5836,-79.4161,24,27.529862500000004,4.1,0.0037,300.6
6953-1,"CLARKE LAKE (NL) WHITCHURCH-STOUFFVILLE Main Basin, deep spot 1",43.9667,-79.3667,10,1.45,1.2999999999999998,1.0,2.2
6998-1,"MUSSELMANS LAKE WHITCHURCH-STOUFFVILLE Mid Lake, deep spot 1",44.0306,-79.2736,23,6.48695652173913,4.0,1.0,31.6
7,Lake Ontario,43.547,-79.488,327,35.41167857798165,2.7,0.0009,361.0
7006-2,"PRESTON LAKE WHITCHURCH-STOUFFVILLE Main Stn, deep spot 2",43.9856,-79.3789,161,11.856521739130436,11.8,1.2,43.7
7034-1,"WILCOX LAKE RICHMOND HILL Mid Lake, deep spot 1",43.9492,-79.4356,31,2.2483870967741937,2.1,0.7,3.9
7034-2,WILCOX LAKE RICHMOND HILL Outlet 2,43.9469,-79.44,273,24.36886446886447,18.2,0.5,194.0
7050-1,CLAIREVILLE RESERVOIR BRAMPTON S end Middle of Dam 1,43.7372,-79.6322,3,0.39999999999999997,0.4,0.3,0.5
7050-2,CLAIREVILLE RESERVOIR BRAMPTON N end Main Stn 2,43.7425,-79.6356,9,0.47777777777777775,0.4,0.3,0.8
7057-1,"EATON LAKE (SENECA) KING Mid Lake, deep spot 1",43.9586,-79.5183,195,19.034358974358973,18.6,2.0,71.2
7062-1,G ROSS LORD RESERVOIR NORTH YORK Deep spot 1,43.7725,-79.4647,10,0.42000000000000004,0.4,0.3,0.6
7065-1,GRENADIER POND TORONTO Inlet 1,43.6333,-79.4667,7,60.0,61.9,41.8,82.0
7065-3,"GRENADIER POND TORONTO S end, deep spot 3",43.6408,-79.4661,261,54.39885057471265,49.0,0.0,474.0
7065-5,"GRENADIER POND TORONTO Main Basin, deep spot 5",43.6333,-79.4667,10,1.6800000000000002,1.1,0.5,4.5
7068-1,HEART LAKE BRAMPTON Beside Aerator 1,43.7333,-79.7833,4,13.049999999999999,3.2,2.5,43.3
7103-1,ONTARIO LAKE HILLIER Scarborough Bluffs 1,43.705,-79.2336,4,25.4,26.15,18.1,31.2
7103-2,ONTARIO LAKE HILLIER Toronto Harb Eastern Gap 2,43.655,-79.3089,1,2.5,2.5,2.5,2.5
7105-1,"PALGRAVE MILL POND CALEDON Mid Lake, deep spot 1",43.9528,-79.8389,2,1.05,1.05,0.9,1.2
7116-1,"SIMOEN LAKE WHITCHURCH-STOUFFVILLE Mid Lake, deep spot 1",43.9667,-79.3833,5,4.14,3.8,3.3,5.5
7123-1,"ST. GEORGE LAKE WHITCHURCH-STOUFFVILLE Main Basin, deep spot 1",43.9564,-79.425,43,19.302325581395348,11.7,2.0,201.0
7180-1,"GIBSON LAKE CALEDON Mid Lake, deep spot 1",43.9558,-79.825,2,26.05,26.05,25.6,26.5
7239-1,"MARY LAKE KING Mid Lake, deep spot 1",43.9522,-79.5461,177,17.29265536723164,15.5,2.0,52.1
725,Lake Ontario,43.638,-79.362,907,36.23932431753032,2.0,0.0005,632.0
726,Lake Ontario,43.632,-79.379,436,39.37428856651376,3.1,0.0008,807.0
737,Lake Ontario,43.6086,-79.4303,12,2.235625,0.11510000000000001,0.0016,22.6
738,Lake Ontario,43.5639,-79.3867,12,2.12923325,0.10295,0.0015,21.799999
750,Lake Ontario,43.5539,-79.5353,12,2.5018333333333334,0.12105,0.0017,22.0
7569-1,ISLAND LAKE (RESERVOIR) LUTHER Deep spot (larger west bay) 1,43.9342,-80.0878,3,21.333333333333332,17.0,12.6,34.4
7573-1,"BOND LAKE RICHMOND HILL Mid lake, deep spot 1",43.9333,-79.4486,60,31.273333333333333,25.65,2.2,98.0
7578-1,HAYNES LAKE WHITCHURCH-STOUFFVILLE Deep spot 1,43.9589,-79.4078,35,38.0,15.4,10.2,206.0
8,Lake Ontario,43.623,-79.453,1111,30.16917012781278,1.7,0.0002,400.0
814,Mountsberg Creek,43.53333,-80.075,2,20.5,20.5,19.0,22.0
816,Sixteen Mile Creek,43.53889,-79.78611,8,126.0,21.05,9.0,400.0
819,Credit River,43.5475,-79.58083,137,126.07956204379563,21.0,5.0,1500.0
821,Credit River,43.55,-79.66389,8,210.9125,20.5,8.0,825.0
822,Credit River,43.55194,-79.59361,2,27.0,27.0,27.0,27.0
825,Sixteen Mile Creek,43.55278,-79.85,8,119.1625,20.2,9.0,400.0
826,Credit River,43.55278,-79.63056,8,120.3375,19.0,7.6,425.0
827,Credit River,43.55333,-79.60056,2,27.0,27.0,27.0,27.0
828,Credit River,43.55472,-79.60139,2,23.5,23.5,22.0,25.0
829,Sixteen Mile Creek,43.55556,-79.82222,8,139.75,33.25,7.4,500.0
830,Credit River,43.55556,-79.69722,8,130.725,21.75,2.0,500.0
831,Credit River,43.55556,-79.68333,8,132.1875,65.25,8.1,400.0
832,Credit River,43.55556,-79.66389,8,115.775,19.75,8.7,400.0
833,Credit River,43.55556,-79.60833,8,263.35,19.0,0.0,999.9
837,Sixteen Mile Creek,43.55833,-80.00278,8,98.4875,20.8,5.0,300.0
838,Sixteen Mile Creek,43.55833,-79.89722,8,136.61249999999998,23.6,9.0,500.0
840,Sixteen Mile Creek,43.56667,-79.95278,8,138.05,31.1,8.5,500.0
847,Sixteen Mile Creek,43.58333,-79.84444,8,137.4125,25.8,7.6,500.0
848,Etobicoke Creek,43.58472,-79.54167,3,336.3333333333333,9.0,0.0,1000.0
852,Etobicoke Creek,43.58889,-79.55833,8,214.1375,19.0,5.0,900.0
853,Sixteen Mile Creek,43.59444,-79.95,8,159.7125,23.549999999999997,9.0,600.0
857,Credit River,43.60556,-79.725,8,144.67499999999998,41.75,7.7,525.0
858,Etobicoke Creek,43.60556,-79.56111,8,183.55,23.0,5.0,750.0
863,Credit River,43.61944,-79.74167,8,149.175,24.5,6.9,600.0
864,Eramosa River,43.62194,-80.14417,2,21.0,21.0,20.0,22.0
868,Credit River,43.62778,-79.73611,8,137.6625,25.0,8.3,525.0
869,Eramosa River,43.62917,-80.14306,2,21.5,21.5,21.0,22.0
870,Etobicoke Creek,43.63056,-79.57222,8,162.0125,22.5,6.5,650.0
871,Rouge River,43.63111,-79.12444,2,24.0,24.0,21.0,27.0
872,Humber River,43.63139,-79.47333,3,21.0,23.0,16.0,24.0
873,Black Creek,43.63333,-79.98056,8,216.4125,20.25,6.0,800.0
874,Fletchers Creek,43.63333,-79.71667,2,22.5,22.5,20.0,25.0
875,Black Creek,43.63611,-80.04167,8,104.025,17.0,7.4,350.0
876,Humber River,43.63611,-79.47694,2,11.0,11.0,11.0,11.0
877,Humber River,43.63806,-79.47972,2,6.0,6.0,3.0,9.0
878,Humber River,43.64,-79.48528,2,6.0,6.0,3.0,9.0
880,Credit River,43.64167,-79.76389,8,141.1,25.0,7.6,500.0
885,Black Creek,43.64722,-79.91944,8,194.1125,18.0,9.0,700.0
886,Credit River,43.64722,-79.825,8,144.2625,27.75,7.1,500.0
888,Credit River,43.65278,-79.80278,8,156.8375,21.0,7.7,600.0
892,Credit River,43.65833,-79.875,8,211.14499999999998,35.5,0.76,825.0
896,Eramosa River,43.66361,-80.15917,2,20.0,20.0,19.0,21.0
899,Etobicoke Creek,43.66667,-79.63889,8,153.3375,22.5,5.0,600.0
8th Concession,Duffins Creek 104037,43.93716147,-79.20343041,150,150.334436,12.845,0.01,1302.0
9,Lake Ontario,43.587,-79.395,536,35.47373576119403,2.0,0.0004,358.0
903,Credit River,43.66944,-79.91111,8,148.5625,25.5,7.8,525.0
904,Etobicoke Creek,43.66944,-79.73611,8,151.9625,45.0,6.5,550.0
907,Fletchers Creek,43.675,-79.75833,2,25.0,25.0,22.0,28.0
916,Lutteral Creek,43.69167,-80.17778,8,146.3375,23.0,8.5,500.0
917,Credit River,43.69167,-79.93056,8,129.1125,26.5,8.3,450.0
920,Credit River,43.71667,-79.93889,8,125.2625,23.5,7.2,450.0
922,Credit River,43.72222,-79.94167,8,125.2625,55.0,7.5,425.0
923,Credit River,43.72222,-79.93333,8,128.125,26.5,7.1,475.0
925,Credit River,43.725,-79.94167,8,116.27499999999999,33.5,6.9,400.0
930,Credit River,43.73889,-79.93333,8,139.675,23.5,6.9,500.0
932,Etobicoke Creek,43.74167,-79.82222,8,145.9125,22.0,2.0,500.0
934,West Humber River,43.75,-79.75556,8,149.275,14.35,8.9,460.0
936,Credit River,43.75556,-79.92778,8,140.8625,21.5,7.0,500.0
9361,Mill Creek:Bravery Park - Orangeville,43.9177243,-80.0953532,9,55.144444444444446,3.2,-7.0,300.0
938,West Humber River,43.76944,-79.725,8,155.375,14.8,8.0,500.0
939,Highland Creek,43.76944,-79.15278,2,23.5,23.5,22.0,25.0
940,Credit River,43.77222,-79.93889,7,132.28571428571428,20.0,7.7,400.0
941,Highland Creek,43.77278,-79.14306,4,15.75,15.0,9.0,24.0
942,Credit River (Erin Branch),43.77778,-80.15,8,126.475,17.25,5.0,450.0
943,Credit River (Erin Branch),43.77778,-80.09722,8,109.875,19.5,7.8,400.0
944,Credit River (Erin Branch),43.78056,-80.05556,8,136.6,24.75,5.0,500.0
946,Rouge River,43.78333,-79.11667,1,21.0,21.0,21.0,21.0
947,Highland Creek,43.78611,-79.18056,2,25.5,25.5,25.0,26.0
949,Credit River (Erin Branch),43.78889,-80.175,8,129.4875,19.5,8.0,450.0
950,Credit River (Erin Branch),43.78889,-80.11944,8,131.8375,27.0,7.4,500.0
951,Credit River (Erin Branch),43.78889,-80.11111,8,87.475,20.0,3.0,300.0
953,Credit River (Erin Branch),43.79167,-80.06389,8,138.025,28.5,8.6,500.0
954,Credit River,43.79167,-79.93889,8,138.3375,24.5,7.3,525.0
955,West Humber River,43.79167,-79.73611,8,159.6125,19.25,7.7,520.0
956,Rouge River,43.79444,-79.1175,2,25.0,25.0,24.0,26.0
9569,Lake Ontario:First Street Beach,43.6335669,-79.3541832,73,45.84479452054794,9.0,0.0,379.0
958,Highland Creek,43.8,-79.23611,6,56.333333333333336,11.6,1.0,284.1
959,Credit River (Erin Branch),43.80278,-80.13889,8,125.6,18.0,7.0,475.0
960,Credit River (Erin Branch),43.80278,-80.11944,8,134.7875,23.5,5.0,500.0
961,Credit River,43.80556,-80.00556,7,153.68571428571428,27.0,7.6,450.0
962,Petticoat Creek,43.80833,-79.10833,2,25.5,25.5,25.0,26.0
963,Little Credit River,43.81389,-79.93611,8,119.55,18.5,7.6,400.0
969,Credit River,43.81944,-79.97222,7,134.9142857142857,28.0,7.2,450.0
970,Credit River,43.82222,-79.99722,7,119.74285714285715,19.0,8.2,350.0
971,Credit River (Erin Branch),43.82222,-79.95278,2,12.5,12.5,11.0,14.0
972,Little Credit River,43.82222,-79.91944,8,118.925,18.5,7.2,400.0
973,Little Credit River,43.82222,-79.90833,8,124.23750000000001,19.25,8.8,450.0
974,Little Credit River,43.82778,-79.95,8,113.69999999999999,27.25,7.8,400.0
975,Don River,43.82778,-79.48889,8,185.25,23.45,7.5,640.0
97777,Rouge River 97777,43.85229658,-79.33011593,4045,247.72240378343633,10.31,0.0,9600.0
979,Credit River,43.83333,-80.01667,8,132.7875,20.5,9.2,425.0
97999,Rouge River 97999,43.91468031,-79.24896675,4004,126.14479944955045,10.0,0.0,6330.0
980,East Humber River,43.83333,-79.61944,8,145.575,22.5,7.6,475.0
981,Humber River,43.83611,-79.63333,8,126.32499999999999,18.1,5.0,400.0
983,East Humber River,43.83889,-79.6,8,164.28750000000002,18.0,5.0,525.0
985,Credit River,43.84167,-80.025,8,134.55,22.0,7.6,475.0
986,Rouge River,43.84444,-79.24444,8,161.2125,74.5,6.0,450.0
990,Rouge River,43.85,-79.35278,8,189.55,75.8,7.1,660.0
992,Credit River Alton Branch,43.85278,-80.10833,8,111.875,19.5,0.0,375.0
993,Credit River,43.85556,-80.01389,8,161.3875,17.0,6.4,600.0
994,Credit River,43.86111,-80.05,8,144.675,24.0,5.0,550.0
995,Little Credit River,43.86111,-79.90833,8,114.2,15.5,8.2,350.0
997,Credit River,43.86667,-80.06667,8,126.0875,19.25,8.0,425.0
998,Centreville Creek,43.86667,-79.89444,2,20.0,20.0,14.0,26.0
999,Centreville Creek,43.86667,-79.86667,2,20.5,20.5,16.0,25.0
AN1,ON Lake Ontario AN1,43.58950627,-79.51030175,10,18.0,18.5,9.0,25.0
CM1,ON Lake Ontario CM1,43.66121817,-79.31370955,4,26.25,26.0,24.0,29.0
CVCLKON08-071008-002,"Lake Ontario: Credit River, u/s of Marina, d/s of QEW bridge",43.553,-79.5985,2,215.05,215.05,16.1,414.0
CVCLKON08-071008-003,"Lake Ontario: Port Credit Marina, along breakwall inside marina",43.55222,-79.58137,2,181.25,181.25,14.5,348.0
DM 6.0,Don River DM 6.0,43.70311235,-79.33222266,4210,325.4442950548694,9.765,0.0,51000.0
DN008WM,Don River DN008WM,43.79950089,-79.38083785,4070,283.46639495503683,11.149999999999999,0.0,10922.0
HL001WM,Highland Creek HL001WM,43.77650517,-79.14912876,396,218.29863737373736,8.34,0.007,12300.0
HL003WM,Highland Creek HL003WM,43.76472618,-79.20199416,409,235.79709755501221,9.0,0.0069,7800.0
HL004WM,Highland Creek HL004WM,43.78190825,-79.2119428,396,222.4649851010101,9.305,0.0044,6200.0
HU010WM,Humber River HU010WM,43.74677898,-79.57243436,3984,166.69211243298193,12.850000000000001,0.0,18600.0
HU1RWMP,Humber River HU1RWMP,43.7783451,-79.52522766,4131,467.0494410246913,12.4,0.0,24506.0
Little Etob CK,Etobicoke Creek Little Etob CK,43.61021269,-79.56848189,4097,448.88471157188184,9.89,0.0,30000.0
Lower Etob US,Etobicoke Creek Lower Etob US,43.65610834,-79.62515696,4122,274.10061980252306,11.850000000000001,0.0,19544.0
MM003WM,Mimico Creek MM003WM,43.68553011,-79.58742622,4228,480.4276027102649,12.55,0.0,64200.0
Mayfield,Etobicoke Creek Mayfield,43.73834315,-79.81990514,4154,139.80706022026962,10.0,0.0,12600.0
ND1,ON Fairy Lake ND1,44.05832275,-79.45975109,2,26.5,26.5,25.0,28.0
ON02HB9085,CREDIT RIVER AT GOLF COURSE,43.5528,-79.6247,309,24.878111650485437,0.307,0.0002,723.0
ON02HB9086,CREDIT RIVER AT ERINDALE PARK,43.5468,-79.6559,120,29.954388333333334,0.2885,0.0002,766.0
ON02HC9001,ROUGE RIVER,43.811,-79.1599,419,44.43645966587112,0.182,0.0,1280.0
ON02HC9003,LITTLE ROUGE RIVER,43.8137,-79.1567,425,25.932160941176473,0.153,0.0002,682.0
ON02HC9122,TORONTO HARBOUR-1012,43.634,-79.3956,39,32.839438461538464,9.05,0.0024,310.8
ON02HC9123,TORONTO HARBOUR-1346,43.6356,-79.3959,40,31.5807075,6.540000000000001,0.0089,316.3
ON02HC9124,TORONTO HARBOUR-1349,43.6358,-79.3915,42,30.905930952380952,7.92,0.0054,316.4
ON02HC9126,TORONTO HARBOUR-1355,43.6368,-79.384,41,31.751409756097562,8.7,0.0068,317.0
ON02HC9127,TORONTO HARBOUR-1358,43.6303,-79.3809,38,31.856544736842107,6.835,0.0049,312.7
ON02HC9128,TORONTO HARBOUR-1359,43.6261,-79.379,39,33.863374358974355,8.9,0.0085,325.7
ON02HC9129,TORONTO HARBOUR-1362,43.6383,-79.3754,44,29.62047727272727,7.275,0.008,317.9
ON02HC9130,TORONTO HARBOUR-1363,43.6376,-79.3726,43,30.575048837209305,8.2,0.0039,321.1
ON02HC9131,TORONTO HARBOUR-1364,43.6354,-79.3712,43,30.649930232558138,8.15,0.005,320.2
ON02HC9132,TORONTO HARBOUR-1365,43.6325,-79.3701,36,33.86964444444445,8.17,0.0078,314.6
ON02HC9133,TORONTO HARBOUR-1366,43.6289,-79.367,41,31.60219268292683,8.12,0.0077,320.5
ON02HC9134,TORONTO HARBOUR-1370,43.6412,-79.3623,42,31.64574761904762,8.07,0.0079,336.2
ON02HC9135,TORONTO HARBOUR-1371,43.6392,-79.359,42,34.827347619047615,8.045,0.0075,423.9
ON02HC9136,TORONTO HARBOUR-1372,43.6362,-79.3527,42,31.950283333333335,8.425,0.0082,330.8
ON02HC9137,TORONTO HARBOUR-1375,43.6442,-79.3598,42,34.98577380952381,8.025,0.007,418.6
ON02HC9138,TORONTO HARBOUR-1379,43.6467,-79.3554,41,45.30544146341463,7.76,0.0303,622.0
ON02HC9139,TORONTO HARBOUR-1380,43.6407,-79.3559,42,32.857190476190475,8.305,0.0079,360.2
ON02HC9140,TORONTO HARBOUR-1381,43.6442,-79.344,41,35.13452926829268,7.88,0.0175,366.8
ON02HC9141,TORONTO HARBOUR-1384,43.6523,-79.3342,42,34.66475714285714,7.68,0.0191,386.4
ON02HC9142,TORONTO HARBOUR-1401,43.6219,-79.3879,36,35.28659722222223,8.280000000000001,0.0028,333.6
ON02HC9143,TORONTO HARBOUR-1403,43.6201,-79.3812,38,33.551899999999996,7.945,0.0016,335.3
ON02HC9144,TORONTO HARBOUR-1761,43.6297,-79.3873,37,34.00547297297297,8.08,0.01,322.9
ON02HC9145,TORONTO HARBOUR-1765,43.627,-79.3831,42,31.373585714285714,8.325,0.0079,319.4
ON02HC9146,TORONTO HARBOUR-1772,43.6234,-79.3775,35,35.94717714285714,8.15,0.0065,322.2
ON02HC9147,TORONTO HARBOUR-6699,43.6392,-79.3626,42,34.84515476190476,8.0,0.0072,429.0
PT001WM,Petticoat Creek PT001WM,43.80368175,-79.11029851,4004,212.64888416533466,8.925,0.0,6590.0
RG007WM,Rouge River 97007,43.85933035,-79.20441689,153,163.92727320261437,14.3,0.0,1840.0
RH_Pond_Inlet,Richmond Hill stormwater pond (Facility 19-8) inlet,43.89028509,-79.40341623,321,0.10679948841744548,0.0591449,0.0027156,1.766057143
RP2,ON Lake Wilcox RP2,43.9550632,-79.43677292,2,20.5,20.5,19.0,22.0
SL1,ON Lake Ontario SL1,43.61888885,-79.47853813,18,24.47222222222222,25.0,16.0,29.5
SXM-113,SXM-113,43.5632055,-79.9487588,9,113.55,11.19,6.21,513.0
SXM-124,SXM-124,43.5588438,-79.9491754,55,117.05818181818181,8.82,2.22,629.0
SXM-135,SXM-135,43.5304827,-79.907733,10,325.734,7.805,3.3,1865.0
SXM-14,SXM-14,43.5402627,-79.9832507,49,80.4569387755102,7.74,0.0,812.0
SXM-144,SXM-144,43.6030644,-79.8518214,116,114.15862068965517,7.75,0.0,1075.0
SXM-152,SXM-152,43.5639159,-79.8435404,102,126.16696078431373,8.385000000000002,0.0,2180.0
SXM-152,SXM-152,43.5650517,-79.844916,20,128.692,8.940000000000001,0.0,690.0
SXM-173,SXM-173,43.5477388,-79.9937216,46,56.23010869565218,6.455,0.0,532.0
SXM-187,SXM-187,43.6172658,-79.9533253,47,155.17808510638298,6.45,0.0,4410.0
SXM-262,SXM-262,43.5588631,-79.9843154,4,199.425,12.815000000000001,8.07,764.0
SXM-265,SXM-265,43.5574476,-79.9858342,48,59.26979166666666,7.545,0.0,646.0
SXM-281,SXM-281,43.5952099,-79.860519,68,216.70705882352942,8.705,0.0,7380.0
SXM-3,SXM-3,43.5612889,-79.9488244,1,11.0,11.0,11.0,11.0
SXM-300,SXM-300,43.5486841,-80.0127116,35,129.53285714285713,8.81,0.83,653.0
SXM-304,SXM-304,43.5545426,-79.8282829,55,155.0921818181818,8.21,3.41,1037.0
SXM-311,SXM-311,43.5768764,-79.9785229,96,101.62166666666667,8.665,0.0,1220.0
SXM-314,SXM-314,43.5895361,-79.9411775,15,128.596,10.6,3.1,634.0
SXM-314,SXM-314,43.5895362,-79.9411774,55,153.09472727272725,8.12,0.44,774.0
SXM-315,SXM-315,43.5956533,-79.9490914,49,77.43102040816326,8.09,0.0,723.0
SXM-317,SXM-317,43.6040535,-79.9364322,55,135.43327272727274,7.72,0.95,720.0
SXM-347,SXM-347,43.559021,-79.9003934,19,126.76315789473684,11.56,1.44,769.0
SXM-349,SXM-349,43.5549188,-79.8708777,27,135.15333333333334,10.57,0.0,648.0
SXM-351,SXM-351,43.6206226,-79.8807994,55,237.71509090909092,7.63,0.92,1961.0
SXM-38,SXM-38,43.5398804,-79.8119404,12,110.83083333333333,10.370000000000001,4.3,633.0
SXM-40,SXM-40,43.5763555,-79.8464465,20,163.6435,8.68,0.0,963.0
SXM-433,SXM-433,43.5334561,-79.9816433,15,120.954,10.0,0.1,642.0
SXM-434,SXM-434,43.5556417,-79.7637784,10,400.461,18.0,6.87,2470.0
SXM-435,SXM-435,43.5339849,-79.7815946,46,164.95978260869563,10.395,3.75,878.0
SXM-436,SXM-436,43.5677066,-79.8264769,19,222.05473684210526,12.2,1.9,1362.0
SXM-437,SXM-437,43.5633738,-79.9950173,20,95.0315,10.82,0.0,492.0
SXM-485,SXM-485,43.5507062,-80.0202143,10,134.041,11.74,0.37,692.0
SXM-520,SXM-520,43.5628857,-79.7593718,49,109.5726530612245,10.4,0.0,1150.0
SXM-521,SXM-521,43.578042,-79.9719514,95,87.20126315789474,8.02,0.0,922.0
SXM-529,SXM-529,43.5762315,-79.9748803,4,214.3475,14.565,8.26,820.0
SXM-530,SXM-530,43.5799053,-79.8295587,4,272.09,14.555,8.25,1051.0
SXM-531,SXM-531,43.5649995,-79.8265288,4,342.9275,15.260000000000002,8.19,1333.0
SXM-559,SXM-559,43.5347877,-79.783217,27,167.28518518518518,9.9,3.4,785.0
SXM-561,SXM-561,43.5362377,-79.7857609,27,157.12925925925924,9.02,2.8,751.0
SXM-562,SXM-562,43.5375493,-79.7854747,47,278.44808510638296,9.25,2.8,1780.0
Spring Creek,Etobicoke Creek Spring Creek,43.68857668,-79.66005112,4108,286.8142546445959,11.4,0.0,14706.0
Tributary 3,Etobicoke Creek Tributary 3,43.66524567,-79.6614261,4160,468.8038163045673,13.0,0.0,36900.0
Tributary 4,Etobicoke Creek Tributary 4,43.62790521,-79.56773971,4044,281.29580437611276,9.510000000000002,0.0,12569.0
WLOC09-131009-005,"Lake Ontario: Lake Ontario, off of Toronto Islands",43.60078,-79.40484,2,28.25,28.25,11.0,45.5
