activity_datetime,count,mean,median,min,max,year,month,month_name
1964-10-31,72,82.5425,9.5,0.01,964.0,1964,10,October
1964-11-30,76,402.84815789473686,6.35,0.01,11634.0,1964,11,November
1964-12-31,87,149.15850574712644,8.4,0.01,2778.0,1964,12,December
1965-01-31,108,646.3700925925926,10.3,0.05,30654.0,1965,1,January
1965-02-28,58,170.56034482758622,6.35,0.01,1790.0,1965,2,February
1965-03-31,137,194.89576642335768,11.2,0.01,1895.0,1965,3,March
1965-04-30,12,118.9225,2.35,0.01,662.0,1965,4,April
1965-05-31,143,139.24923076923076,8.2,0.01,3203.0,1965,5,May
1965-06-30,136,518.0817647058823,15.5,0.01,30654.0,1965,6,June
1965-07-31,353,361.1642209631728,10.8,0.01,22941.0,1965,7,July
1965-08-31,343,477.80104956268224,9.0,0.01,51634.0,1965,8,August
1965-09-30,74,206.26013513513513,5.4,0.01,1601.0,1965,9,September
1965-10-31,329,478.4110030395137,7.9,0.01,12941.0,1965,10,October
1965-11-30,219,67.89479452054795,2.5,0.01,820.0,1965,11,November
1965-12-31,171,727.8483040935672,20.0,0.01,20654.0,1965,12,December
1966-01-31,323,839.5386377708978,16.0,0.0,22941.0,1966,1,January
1966-02-28,168,367.1752380952381,6.0,0.0,13137.0,1966,2,February
1966-03-31,406,203.08839901477833,6.56,0.0,11307.0,1966,3,March
1966-04-30,205,315.07702439024393,6.7,0.01,11765.0,1966,4,April
1966-05-31,359,732.0142701949861,9.0,0.0,32124.0,1966,5,May
1966-06-30,418,698.8311339712918,10.0,0.007,30163.0,1966,6,June
1966-07-31,463,505.76391792656585,12.0,0.007,20915.0,1966,7,July
1966-08-31,498,604.2560381526104,9.75,0.003,21961.0,1966,8,August
1966-09-30,495,425.9315898989899,8.3,0.007,13203.0,1966,9,September
1966-10-31,529,841.3656465028356,8.3,0.0,22451.0,1966,10,October
1966-11-30,469,264.0214093816631,9.84,0.007,10327.0,1966,11,November
1966-12-31,493,264.62804665314405,7.38,0.0,21634.0,1966,12,December
1967-01-31,438,170.5602214611872,7.0,0.0,1964.0,1967,1,January
1967-02-28,529,254.16432514177697,8.0,0.0,6062.0,1967,2,February
1967-03-31,611,137.4120736497545,5.0,0.007,1800.0,1967,3,March
1967-04-30,505,253.27758415841583,9.0,0.01,11634.0,1967,4,April
1967-05-31,571,251.33828021015762,9.6,0.008,20817.0,1967,5,May
1967-06-30,601,447.67900166389353,12.0,0.01,21797.0,1967,6,June
1967-07-31,561,429.04688591800357,18.0,0.003,12222.0,1967,7,July
1967-08-31,624,386.3363894230769,13.0,0.0,31961.0,1967,8,August
1967-09-30,365,236.15485479452053,9.9,0.0,10327.0,1967,9,September
1967-10-31,457,290.11504376367617,10.0,0.002,12124.0,1967,10,October
1967-11-30,544,197.88231617647057,6.55,0.0,12614.0,1967,11,November
1967-12-31,419,266.4529665871122,6.6,0.005,22288.0,1967,12,December
1968-01-31,588,482.6007602040816,8.399999999999999,0.0,22614.0,1968,1,January
1968-02-29,462,317.25928571428574,7.5600000000000005,0.0,21307.0,1968,2,February
1968-03-31,663,202.41386274509804,8.88,0.0,20654.0,1968,3,March
1968-04-30,712,205.76280337078654,8.0,0.003,22647.0,1968,4,April
1968-05-31,540,163.3542462962963,8.0,0.003,2784.0,1968,5,May
1968-06-30,406,400.70537192118223,10.99,0.005,31471.0,1968,6,June
1968-07-31,735,266.16179047619045,9.0,0.0,22288.0,1968,7,July
1968-08-31,433,345.92285912240186,10.0,0.003,20654.0,1968,8,August
1968-09-30,521,351.3089366602687,10.0,0.0,21961.0,1968,9,September
1968-10-31,738,327.89025609756095,8.6,0.0,21961.0,1968,10,October
1968-11-30,491,537.2943767820774,8.0,0.002,50654.0,1968,11,November
1968-12-31,369,220.5797235772358,5.0,0.0,21634.0,1968,12,December
1969-01-31,619,184.0057592891761,7.0,0.0,4493.0,1969,1,January
1969-02-28,438,184.39321689497717,6.75,0.0,3050.0,1969,2,February
1969-03-31,638,138.9480015673981,6.0,0.0,1870.0,1969,3,March
1969-04-30,741,119.67090013495277,8.3,0.004,1185.0,1969,4,April
1969-05-31,408,125.92952450980393,9.0,0.005,1246.0,1969,5,May
1969-06-30,245,119.14427346938776,8.0,0.004,921.0,1969,6,June
1969-07-31,487,125.71348254620123,8.0,0.004,2683.0,1969,7,July
1969-08-31,417,129.61177218225419,7.9,0.002,1290.0,1969,8,August
1969-09-30,638,130.31980564263324,6.0,0.004,2830.0,1969,9,September
1969-10-31,543,144.12079005524862,8.1,0.004,4450.0,1969,10,October
1969-11-30,564,135.7205460992908,8.0,0.002,2000.0,1969,11,November
1969-12-31,693,184.08002453102452,5.0,0.0,4134.0,1969,12,December
1970-01-31,569,171.0575043936731,5.0,0.0,2610.0,1970,1,January
1970-02-28,550,184.7254490909091,4.0,0.0,5150.0,1970,2,February
1970-03-31,530,155.12962641509435,4.0,0.0,3530.0,1970,3,March
1970-04-30,836,131.14302272727272,6.0,0.003,1350.0,1970,4,April
1970-05-31,634,136.6715141955836,8.0,0.005,1880.0,1970,5,May
1970-06-30,676,139.9088831360947,7.0,0.0,2113.0,1970,6,June
1970-07-31,326,129.9532055214724,6.0,0.004,2100.0,1970,7,July
1970-08-31,679,127.31348453608247,6.0,0.002,1812.0,1970,8,August
1970-09-30,361,148.80352631578947,7.5,0.0,5079.0,1970,9,September
1970-10-31,645,137.18096744186047,6.0,0.0,6930.0,1970,10,October
1970-11-30,549,137.15108378870676,4.5,0.0,1790.0,1970,11,November
1970-12-31,410,163.9864170731707,4.0,0.0,2339.0,1970,12,December
1971-01-31,421,173.544054631829,5.0,0.0,7150.0,1971,1,January
1971-02-28,282,161.85540425531914,5.0,0.0,2163.0,1971,2,February
1971-03-31,735,136.09811020408165,3.5,0.0,1535.0,1971,3,March
1971-04-30,774,119.9994031007752,7.0,0.003,1327.0,1971,4,April
1971-05-31,418,149.4211937799043,8.0,0.002,6120.0,1971,5,May
1971-06-30,389,147.92004627249358,12.0,0.0,3966.0,1971,6,June
1971-07-31,771,125.3725486381323,7.9,0.002,2690.0,1971,7,July
1971-08-31,495,120.1799595959596,7.8,0.002,1750.0,1971,8,August
1971-09-30,730,127.28424520547945,7.4,0.001,1317.0,1971,9,September
1971-10-31,697,148.21186513629843,7.0,0.0,5800.0,1971,10,October
1971-11-30,777,147.7731595881596,7.0,0.0,4580.0,1971,11,November
1971-12-31,297,131.359898989899,5.0,0.004,1644.0,1971,12,December
1972-01-31,448,141.55943303571428,4.0,0.0,1488.0,1972,1,January
1972-02-29,224,144.16049107142857,3.0,0.0,1617.0,1972,2,February
1972-03-31,518,146.84205791505792,5.0,0.0,1515.0,1972,3,March
1972-04-30,612,112.2162908496732,7.0,0.01,1150.0,1972,4,April
1972-05-31,758,125.80405408970977,8.2,0.001,1420.0,1972,5,May
1972-06-30,554,139.9164657039711,7.0,0.001,1725.0,1972,6,June
1972-07-31,395,122.81328101265822,8.0,0.0,1278.0,1972,7,July
1972-08-31,346,130.15536416184972,6.0,0.0,1920.0,1972,8,August
1972-09-30,196,111.92832653061225,4.3,0.0,1850.0,1972,9,September
1972-10-31,582,121.65677319587628,5.0,0.0,1696.0,1972,10,October
1972-11-30,609,127.15769293924467,3.5,0.0,1360.0,1972,11,November
1972-12-31,327,104.99783486238532,3.0,0.0,1080.0,1972,12,December
1973-01-31,237,104.1970506329114,3.4,0.0,1600.0,1973,1,January
1973-02-28,639,126.14822535211268,3.0,0.0,1650.0,1973,2,February
1973-03-31,537,95.92351582867784,3.5,0.0,910.0,1973,3,March
1973-04-30,774,125.68796124031009,5.15,0.0,1900.0,1973,4,April
1973-05-31,792,87.89608838383839,1.8,0.0,1140.0,1973,5,May
1973-06-30,1298,90.56151926040062,2.6,0.0,1300.0,1973,6,June
1973-07-31,1515,93.5816712871287,3.5,0.0,5600.0,1973,7,July
1973-08-31,1248,90.86859214743589,4.0,0.0,1240.0,1973,8,August
1973-09-30,1295,84.55470733590734,3.6,0.0,1460.0,1973,9,September
1973-10-31,1400,84.42485142857143,3.5,0.0,1550.0,1973,10,October
1973-11-30,1598,105.71621339173967,3.0,0.0,1770.0,1973,11,November
1973-12-31,957,107.10851097178684,3.2,0.0,1840.0,1973,12,December
1974-01-31,1774,160.3529503945885,2.0,0.0,8700.0,1974,1,January
1974-02-28,1340,133.33459701492535,2.45,0.0,3500.0,1974,2,February
1974-03-31,1544,113.83032707253885,2.6,0.0,3060.0,1974,3,March
1974-04-30,1543,97.29406092028516,3.6,0.0,1750.0,1974,4,April
1974-05-31,1875,92.80154399999999,3.22,0.001,1930.0,1974,5,May
1974-06-30,1383,75.41934128705712,2.1,0.001,1270.0,1974,6,June
1974-07-31,1733,84.20297576457011,2.8,0.001,1460.0,1974,7,July
1974-08-31,1566,88.65839335887611,4.9,0.001,1300.0,1974,8,August
1974-09-30,693,105.83740404040404,4.3,0.001,1360.0,1974,9,September
1974-10-31,631,119.01406656101427,4.5,0.001,1700.0,1974,10,October
1974-11-30,952,103.20276155462184,4.85,0.001,1400.0,1974,11,November
1974-12-31,532,155.78995488721804,2.7,0.0,2950.0,1974,12,December
1975-01-31,718,156.55770752089137,2.25,0.0,2600.0,1975,1,January
1975-02-28,830,122.3631530120482,2.4,0.0,1560.0,1975,2,February
1975-03-31,561,88.88525846702316,2.8,0.0,1850.0,1975,3,March
1975-04-30,525,90.03409142857143,2.4,0.001,1380.0,1975,4,April
1975-05-31,764,110.55895811518324,4.65,0.001,2240.0,1975,5,May
1975-06-30,767,99.80244589308995,9.8,0.0,1220.0,1975,6,June
1975-07-31,1126,112.41407637655418,10.0,0.0,1600.0,1975,7,July
1975-08-31,699,104.10338483547926,5.0,0.0,1600.0,1975,8,August
1975-09-30,954,104.3731498951782,4.6,0.001,1600.0,1975,9,September
1975-10-31,835,109.60010658682634,5.0,0.001,1420.0,1975,10,October
1975-11-30,1008,103.0567361111111,3.5,0.001,1700.0,1975,11,November
1975-12-31,343,155.15689795918368,6.0,0.0,1400.0,1975,12,December
1976-01-31,315,270.3464666666667,2.0,0.0,6800.0,1976,1,January
1976-02-29,793,100.84045145018916,2.8,0.0,1750.0,1976,2,February
1976-03-31,709,68.45830042313116,1.52,0.0,2650.0,1976,3,March
1976-04-30,849,73.86605300353357,1.8,0.001,2000.0,1976,4,April
1976-05-31,733,80.75114597544338,2.4,0.001,1350.0,1976,5,May
1976-06-30,1103,84.55822937443337,5.9,0.0,1630.0,1976,6,June
1976-07-31,1097,84.61821969006381,3.42,0.001,1240.0,1976,7,July
1976-08-31,922,85.66072017353578,3.3,0.0,1470.0,1976,8,August
1976-09-30,1061,87.70575777568331,2.3,0.001,1650.0,1976,9,September
1976-10-31,1132,82.8830503533569,2.4,0.0,1600.0,1976,10,October
1976-11-30,925,88.7768518918919,2.0,0.0,1900.0,1976,11,November
1976-12-31,946,138.47660147991544,2.0,0.0,4000.0,1976,12,December
1977-01-31,658,117.90197112462006,2.4,0.0,2750.0,1977,1,January
1977-02-28,742,153.43096765498652,2.8,0.0,5500.0,1977,2,February
1977-03-31,1032,114.09898740310078,4.45,0.0,2850.0,1977,3,March
1977-04-30,838,101.97536634844869,2.0,0.001,2200.0,1977,4,April
1977-05-31,976,103.58644467213114,3.2,0.0,1900.0,1977,5,May
1977-06-30,908,98.96678303964758,4.15,0.001,1700.0,1977,6,June
1977-07-31,1024,91.1017109375,3.23,0.001,1600.0,1977,7,July
1977-08-31,1150,89.61417043478261,4.0,0.001,1550.0,1977,8,August
1977-09-30,810,88.93091111111112,3.0,0.001,1650.0,1977,9,September
1977-10-31,1019,95.29398331697743,2.7,0.001,1960.0,1977,10,October
1977-11-30,817,113.1052288861689,3.16,0.0,2160.0,1977,11,November
1977-12-31,748,119.7377780748663,2.0949999999999998,0.0,3370.0,1977,12,December
1978-01-31,422,166.36648341232228,2.75,0.0,4930.0,1978,1,January
1978-02-28,467,155.40441541755888,4.0,0.0,2050.0,1978,2,February
1978-03-31,511,117.93872994129158,3.5,0.0,1180.0,1978,3,March
1978-04-30,928,99.923625,4.925000000000001,0.0,1570.0,1978,4,April
1978-05-31,765,109.00002352941176,6.7,0.001,1180.0,1978,5,May
1978-06-30,755,110.85094834437086,6.11,0.001,1700.0,1978,6,June
1978-07-31,998,110.7093496993988,5.05,0.001,2000.0,1978,7,July
1978-08-31,933,102.59203001071812,6.8,0.001,1650.0,1978,8,August
1978-09-30,940,99.2307914893617,6.1,0.001,1100.0,1978,9,September
1978-10-31,755,111.12346092715232,4.3,0.001,1490.0,1978,10,October
1978-11-30,1033,146.08080348499516,3.0,0.0,3650.0,1978,11,November
1978-12-31,753,188.0735444887118,2.9,0.0,6000.0,1978,12,December
1979-01-31,796,179.89117839195978,2.95,0.0,3100.0,1979,1,January
1979-02-28,831,257.9253561973526,4.0,0.0,8100.0,1979,2,February
1979-03-31,859,106.14549941792782,3.0,0.0,2187.0,1979,3,March
1979-04-30,870,124.50790689655173,5.0,0.001,2400.0,1979,4,April
1979-05-31,1012,118.2753003952569,4.09,0.001,2755.0,1979,5,May
1979-06-30,778,130.18264524421593,6.655,0.001,2736.0,1979,6,June
1979-07-31,631,100.94237559429477,5.6,0.001,2000.0,1979,7,July
1979-08-31,1182,102.47421912013536,4.55,0.001,1820.0,1979,8,August
1979-09-30,637,100.77216640502355,5.0,0.001,1200.0,1979,9,September
1979-10-31,990,108.44224242424244,5.2,0.001,2000.0,1979,10,October
1979-11-30,724,112.2106408839779,4.574999999999999,0.001,3972.0,1979,11,November
1979-12-31,974,137.26540143737165,3.125,0.0,2825.0,1979,12,December
1980-01-31,857,122.23351341890314,3.0,0.0,3350.0,1980,1,January
1980-02-29,567,120.9284708994709,3.35,0.0,1750.0,1980,2,February
1980-03-31,1090,131.93202018348623,5.23,0.0,3500.0,1980,3,March
1980-04-30,838,113.47092840095466,6.5,0.001,2450.0,1980,4,April
1980-05-31,794,108.53567884130982,7.6,0.001,1818.0,1980,5,May
1980-06-30,829,103.0335138721351,7.0,0.001,1550.0,1980,6,June
1980-07-31,734,88.66443869209809,5.96,0.001,1350.0,1980,7,July
1980-08-31,830,94.86089240963855,6.45,0.0001,1550.0,1980,8,August
1980-09-30,639,93.95384882629108,5.8,0.0004,1850.0,1980,9,September
1980-10-31,715,104.86102153846153,7.2,0.0003,1900.0,1980,10,October
1980-11-30,869,105.31764522439586,4.0,0.0,1800.0,1980,11,November
1980-12-31,562,121.40928736654803,2.635,0.0,2500.0,1980,12,December
1981-01-31,502,112.40310239043825,4.0,0.0,2050.0,1981,1,January
1981-02-28,799,144.00928197747183,4.0,0.0,6431.0,1981,2,February
1981-03-31,1051,116.52768629876309,3.18,0.0,1850.0,1981,3,March
1981-04-30,771,96.92458093385213,6.0,0.0003,1750.0,1981,4,April
1981-05-31,979,93.74499601634321,6.0,0.0,1220.0,1981,5,May
1981-06-30,964,97.66010601659751,6.775,0.0002,1600.0,1981,6,June
1981-07-31,988,88.22390101214575,3.975,0.0001,1850.0,1981,7,July
1981-08-31,1083,77.28870618651892,1.94,0.0,1650.0,1981,8,August
1981-09-30,1042,82.88792274472169,1.6,0.0001,1800.0,1981,9,September
1981-10-31,910,74.36518868131868,1.605,-40.0,1360.0,1981,10,October
1981-11-30,819,77.7802199023199,1.9,0.0,1160.0,1981,11,November
1981-12-31,1413,90.71817473460722,2.25,0.0,1800.0,1981,12,December
1982-01-31,874,113.81540286041191,2.1,0.0,3450.0,1982,1,January
1982-02-28,1204,141.23489593023254,2.0,0.0,7200.0,1982,2,February
1982-03-31,1076,106.71184730483272,2.045,0.0,4145.0,1982,3,March
1982-04-30,1369,108.94530255661066,3.9,0.0002,4695.0,1982,4,April
1982-05-31,1284,509.3111387071651,3.46,0.0,525500.0,1982,5,May
1982-06-30,1217,88.94697206244864,4.4,0.0002,5045.0,1982,6,June
1982-07-31,834,77.68631211031175,2.6900000000000004,0.0002,1870.0,1982,7,July
1982-08-31,1583,71.5189510423247,3.2,0.0002,2080.0,1982,8,August
1982-09-30,1103,75.22510480507705,3.82,0.0002,5488.0,1982,9,September
1982-10-31,1081,86.2258617946346,3.3,0.0002,1970.0,1982,10,October
1982-11-30,1438,73.50510639777468,3.18,0.0002,1120.0,1982,11,November
1982-12-31,1349,96.86268005930319,3.42,0.0002,4690.0,1982,12,December
1983-01-31,1099,81.3218483166515,3.14,0.0002,1846.0,1983,1,January
1983-02-28,1412,93.53052216713881,2.8,0.0002,3358.0,1983,2,February
1983-03-31,1999,164.9944858929465,2.95,0.0002,34000.0,1983,3,March
1983-04-30,1666,88.39765474189676,3.4800000000000004,0.0002,1740.0,1983,4,April
1983-05-31,1331,82.01263200601052,5.7,0.0003,1480.0,1983,5,May
1983-06-30,1128,75.97453244680851,3.6,0.0002,1773.0,1983,6,June
1983-07-31,1376,80.03980886627907,3.675,0.0002,1790.0,1983,7,July
1983-08-31,992,73.26806118951613,6.25,0.0001,1800.0,1983,8,August
1983-09-30,1428,80.53772422969188,3.63,0.0002,1750.0,1983,9,September
1983-10-31,1094,96.57132111517367,7.855,0.0006,1640.0,1983,10,October
1983-11-30,1607,85.62941020535159,3.8,0.0002,1750.0,1983,11,November
1983-12-31,1664,112.75458894230769,2.4,0.0003,1710.0,1983,12,December
1984-01-31,1265,132.0232792094862,2.5,0.0002,5220.0,1984,1,January
1984-02-29,1592,115.51759032663317,3.18,0.0002,6170.0,1984,2,February
1984-03-31,1615,205.4789385758514,2.4,0.0002,9680.0,1984,3,March
1984-04-30,1561,104.32373292761052,4.24,0.0002,2100.0,1984,4,April
1984-05-31,1486,192.54004710632572,7.36,0.001,33795.0,1984,5,May
1984-06-30,1364,176.8120759530792,7.220000000000001,0.0005,10152.0,1984,6,June
1984-07-31,1429,171.90917585724284,6.48,0.0,9412.0,1984,7,July
1984-08-31,1355,129.9433526199262,6.0,0.0,9016.0,1984,8,August
1984-09-30,1054,126.00183956356737,5.42,0.0002,8028.0,1984,9,September
1984-10-31,1288,155.52916444099378,6.970000000000001,0.0003,7178.0,1984,10,October
1984-11-30,1316,142.51613852583586,3.2,0.0,8558.0,1984,11,November
1984-12-31,1303,174.83130483499616,3.4,0.0,16784.0,1984,12,December
1985-01-31,1303,213.61332333077513,3.0,0.0004,9564.0,1985,1,January
1985-02-28,1388,185.68127327089337,2.815,0.0002,9812.0,1985,2,February
1985-03-31,1626,159.860026199262,3.425,0.0002,39168.0,1985,3,March
1985-04-30,1150,150.48905417391305,3.05,0.0002,9389.0,1985,4,April
1985-05-31,1344,146.02240982142857,7.0,0.0004,9592.0,1985,5,May
1985-06-30,1573,177.80903731722825,7.7,0.0002,9824.0,1985,6,June
1985-07-31,1115,126.41638681614349,7.3,0.0006,9832.0,1985,7,July
1985-08-31,1611,138.12938479205462,7.2,0.0004,8966.0,1985,8,August
1985-09-30,747,134.52496211512718,6.5,0.0002,9735.0,1985,9,September
1985-10-31,1783,149.59862450925405,6.6,0.001,13814.0,1985,10,October
1985-11-30,1350,134.4350702222222,4.4,0.0003,7414.0,1985,11,November
1985-12-31,1347,151.1965146250928,3.5,0.0007,9521.0,1985,12,December
1986-01-31,1166,175.81439837049743,2.3,0.0005,8205.0,1986,1,January
1986-02-28,1002,220.16738712574852,2.3,0.0004,8486.0,1986,2,February
1986-03-31,1337,103.35154988780853,3.18,0.0004,4985.0,1986,3,March
1986-04-30,1207,104.3073487986744,5.1,0.001,2000.0,1986,4,April
1986-05-31,1004,110.92037699203188,7.1,0.001,1800.0,1986,5,May
1986-06-30,1045,82.85667081339713,5.9,0.001,1510.0,1986,6,June
1986-07-31,1155,112.90755238095238,7.1,0.001,6000.0,1986,7,July
1986-08-31,1163,90.24140154772141,7.35,0.001,1550.0,1986,8,August
1986-09-30,1215,78.16861728395061,7.0,0.001,4744.0,1986,9,September
1986-10-31,1226,96.14749632952692,6.6,0.0,1440.0,1986,10,October
1986-11-30,1102,109.97796969147005,4.25,0.0,1650.0,1986,11,November
1986-12-31,1191,229.42476280436608,3.7,-0.5,8500.0,1986,12,December
1987-01-31,838,129.99922995226729,5.95,0.0002,4020.0,1987,1,January
1987-02-28,1241,145.56743593875905,3.6,0.001,2670.0,1987,2,February
1987-03-31,1371,103.29909555069293,5.8,0.001,1470.0,1987,3,March
1987-04-30,1658,119.00440440289505,7.665,0.001,4450.0,1987,4,April
1987-05-31,1259,105.44739491660047,7.5,0.0003,1714.0,1987,5,May
1987-06-30,1503,102.41106719893547,7.6,0.001,1890.0,1987,6,June
1987-07-31,1425,99.68622442105263,8.1,0.0003,2876.0,1987,7,July
1987-08-31,1139,138.69966558384547,8.0,0.0003,5154.0,1987,8,August
1987-09-30,1054,95.72598624288425,8.26,0.0,1800.0,1987,9,September
1987-10-31,1035,90.48407942028986,7.0,0.0004,1760.0,1987,10,October
1987-11-30,1274,103.1839486656201,6.0649999999999995,0.0003,1490.0,1987,11,November
1987-12-31,1023,117.10767126099707,3.9,0.0003,2490.0,1987,12,December
1988-01-31,1280,125.52486484375,2.7,0.0002,3350.0,1988,1,January
1988-02-29,908,135.21042213656386,3.55,0.0003,3400.0,1988,2,February
1988-03-31,1350,113.3086637037037,3.4,0.0003,10700.0,1988,3,March
1988-04-30,1147,99.00776015693113,5.7,0.0,1267.0,1988,4,April
1988-05-31,1362,115.55821725403818,8.0,0.002,1700.0,1988,5,May
1988-06-30,1300,121.04930623076923,7.5,0.002,1860.0,1988,6,June
1988-07-31,1341,95.73997285607756,6.6,0.002,1900.0,1988,7,July
1988-08-31,847,104.18330342384888,7.5,0.0013,5301.0,1988,8,August
1988-09-30,1180,94.11444483050848,7.995,0.002,1560.0,1988,9,September
1988-10-31,1310,98.64189824427481,7.5,0.0005,1273.0,1988,10,October
1988-11-30,1099,93.49973748862602,6.5,0.0,1133.0,1988,11,November
1988-12-31,878,126.1041257403189,4.0,0.0,8590.0,1988,12,December
1989-01-31,922,123.60988145336226,4.35,0.0025,3950.0,1989,1,January
1989-02-28,857,173.01985962660444,3.2,0.0012,8140.0,1989,2,February
1989-03-31,1112,160.88853237410072,5.45,0.0014,4140.0,1989,3,March
1989-04-30,1290,110.06551968992248,4.2,0.0026,1710.0,1989,4,April
1989-05-31,889,105.96195669291339,6.0,0.001,1610.0,1989,5,May
1989-06-30,1216,104.53292310855262,7.2,0.0025,3000.0,1989,6,June
1989-07-31,1051,130.44169743101807,7.8,0.0,18987.0,1989,7,July
1989-08-31,1155,101.07828034632034,6.9,0.001,5200.0,1989,8,August
1989-09-30,932,104.80625150214593,7.25,0.0025,5022.0,1989,9,September
1989-10-31,877,96.45633979475485,6.7,0.0015,1920.0,1989,10,October
1989-11-30,1063,93.3786524929445,5.0,0.0025,1870.0,1989,11,November
1989-12-31,768,134.44612369791668,4.45,0.0025,2970.0,1989,12,December
1990-01-31,630,199.94241253968252,4.4,0.0011,6880.0,1990,1,January
1990-02-28,789,165.06778225602028,3.17,0.0026,5100.0,1990,2,February
1990-03-31,1003,120.21974576271187,3.6,0.0025,2070.0,1990,3,March
1990-04-30,1158,110.1977164939551,5.65,0.0025,1650.0,1990,4,April
1990-05-31,1168,103.36508056506848,7.995,0.0025,2240.0,1990,5,May
1990-06-30,992,98.25811028225807,7.2,0.0019,1910.0,1990,6,June
1990-07-31,1113,94.2425799640611,7.4,0.0025,1780.0,1990,7,July
1990-08-31,1123,89.55606634016029,7.47,0.0025,1009.0,1990,8,August
1990-09-30,942,99.84542993630573,7.605,0.0025,1670.0,1990,9,September
1990-10-31,866,93.17610889145496,6.4,0.001,1205.0,1990,10,October
1990-11-30,771,115.89162516212711,5.3,0.0025,2410.0,1990,11,November
1990-12-31,697,125.83792467718796,5.9,-4.0,2150.0,1990,12,December
1991-01-31,804,200.98699154228856,4.7,0.0012,7270.0,1991,1,January
1991-02-28,926,125.53327516198704,4.0,0.0,5080.0,1991,2,February
1991-03-31,1466,124.12145763983628,4.55,0.0011,2350.0,1991,3,March
1991-04-30,1333,109.26486729182295,7.4,0.0025,1960.0,1991,4,April
1991-05-31,1275,105.62130423529412,7.84,0.0019,1870.0,1991,5,May
1991-06-30,1130,109.3533778761062,8.015,0.0025,1580.0,1991,6,June
1991-07-31,1102,108.04371415607984,8.1,0.0025,2148.0,1991,7,July
1991-08-31,875,103.8162262857143,7.9,0.0025,1460.0,1991,8,August
1991-09-30,1305,101.07177816091955,8.02,-40.0,1570.0,1991,9,September
1991-10-31,1053,112.9296747388414,7.89,0.0025,1830.0,1991,10,October
1991-11-30,1074,104.37999767225325,7.775,0.0025,1860.0,1991,11,November
1991-12-31,1070,181.88552018691587,6.25,0.0,5620.0,1991,12,December
1992-01-31,707,270.27922927864216,5.3,0.0014,11560.0,1992,1,January
1992-02-29,1208,170.95840107615894,4.5,0.0,4340.0,1992,2,February
1992-03-31,1454,152.21898445667125,5.45,0.003,5450.0,1992,3,March
1992-04-30,1429,114.27887193841848,6.3,0.003,1450.0,1992,4,April
1992-05-31,1140,118.76271842105264,7.15,0.003,1960.0,1992,5,May
1992-06-30,1032,122.97647044573644,8.09,0.003,1800.0,1992,6,June
1992-07-31,1133,103.39846204766108,8.0,0.003,1580.0,1992,7,July
1992-08-31,1023,132.46552981427175,8.13,0.003,24348.0,1992,8,August
1992-09-30,1060,107.3542608490566,8.03,0.003,1237.0,1992,9,September
1992-10-31,1047,110.44602435530086,7.96,0.003,1261.0,1992,10,October
1992-11-30,1218,124.37584893267653,6.6,0.003,3590.0,1992,11,November
1992-12-31,1070,135.29909794392523,5.05,0.0026,3630.0,1992,12,December
1993-01-31,665,164.67779954887217,3.54,0.0026,5130.0,1993,1,January
1993-02-28,1006,279.878213916501,4.725,0.0026,12810.0,1993,2,February
1993-03-31,1372,192.71268214285712,5.05,0.0026,6750.0,1993,3,March
1993-04-30,1267,112.18410844514602,6.5,0.0027,1570.0,1993,4,April
1993-05-31,1351,119.8359863804589,7.64,0.0026,1920.0,1993,5,May
1993-06-30,1344,99.92518444940477,7.6,0.0026,1460.0,1993,6,June
1993-07-31,890,109.41979550561798,7.8,0.0015,1543.0,1993,7,July
1993-08-31,1060,105.23485396226415,7.845,0.0026,1410.0,1993,8,August
1993-09-30,1107,108.72018635953026,8.1,0.0027,1640.0,1993,9,September
1993-10-31,801,111.35655530586767,8.3,-40.0,1710.0,1993,10,October
1993-11-30,1040,123.75591105769232,7.73,0.0026,2870.0,1993,11,November
1993-12-31,1111,116.45132376237623,4.53,0.0026,1480.0,1993,12,December
1994-01-31,376,162.7226079787234,7.95,0.0031,5020.0,1994,1,January
1994-02-28,492,249.39444898373984,3.6799999999999997,0.0026,9570.0,1994,2,February
1994-03-31,817,120.31978543451652,3.4,0.0025,3350.0,1994,3,March
1994-04-30,710,125.20394971830986,5.25,0.0026,3070.0,1994,4,April
1994-05-31,853,112.38934548651817,7.72,-15.0,1460.0,1994,5,May
1994-06-30,1083,133.8683835641736,7.0,0.0015,5047.0,1994,6,June
1994-07-31,1089,168.2259318640955,7.4,0.0026,32000.0,1994,7,July
1994-08-31,1003,121.11339541375872,7.76,0.0026,1904.0,1994,8,August
1994-09-30,1295,103.32196725868727,8.18,0.0025,1730.0,1994,9,September
1994-10-31,2022,95.91324480712167,8.22,0.0001,1630.0,1994,10,October
1994-11-30,2017,88.99640833415964,7.73,0.0001,1730.0,1994,11,November
1994-12-31,1383,168.30336898047722,7.73,0.0001,7270.0,1994,12,December
1995-01-31,1435,118.25140673170732,5.8,0.00057,3590.0,1995,1,January
1995-02-28,865,138.23788695953758,7.84,0.00062,5790.0,1995,2,February
1995-03-31,1513,103.2926183740912,4.2,0.0001,4180.0,1995,3,March
1995-04-30,1390,92.67171189928057,4.87,0.0002,2120.0,1995,4,April
1995-05-31,1854,93.7120554476807,6.835,-45.0,2220.0,1995,5,May
1995-06-30,1179,96.07092273112808,5.5,0.0005,1430.0,1995,6,June
1995-07-31,2285,73.9071429321663,3.11,0.0,1530.0,1995,7,July
1995-08-31,3538,83.29084234030526,6.460000000000001,0.001,1900.0,1995,8,August
1995-09-30,983,91.7207557477111,5.3,0.0005,1630.0,1995,9,September
1995-10-31,1096,90.32046779197081,4.17,0.0005,1500.0,1995,10,October
1995-11-30,1344,80.6423853422619,2.825,0.001,1610.0,1995,11,November
1995-12-31,1051,129.4967685061846,3.38,0.0007,6990.0,1995,12,December
1996-01-31,859,113.90837543655414,7.28,0.001,2250.0,1996,1,January
1996-02-29,613,92.23043539967374,2.7,0.0005,4280.0,1996,2,February
1996-03-31,0,,,,,1996,3,March
1996-04-30,517,82.34671179883946,2.88,0.001,1360.0,1996,4,April
1996-05-31,716,79.00003058659217,3.2,0.001,1370.0,1996,5,May
1996-06-30,1050,85.04245561904762,5.35,0.001,1290.0,1996,6,June
1996-07-31,800,100.388233,8.13,0.0012,1160.0,1996,7,July
1996-08-31,994,98.37973012072435,8.385000000000002,-10.4,1430.0,1996,8,August
1996-09-30,1265,88.42493863241107,8.4,-7.86,2390.0,1996,9,September
1996-10-31,1067,99.98290963448922,8.53,-1.86,2540.0,1996,10,October
1996-11-30,540,102.4762630370987,8.434999999999999,-0.79,1110.0,1996,11,November
1996-12-31,1073,122.84185452003727,8.35,-3.61,3220.0,1996,12,December
1997-01-31,778,109.63638307197942,8.08,-3.6,2280.0,1997,1,January
1997-02-28,906,120.48217050772627,8.04,-3.32,5200.0,1997,2,February
1997-03-31,1018,105.01703405697447,8.184999999999999,-5.82,4810.0,1997,3,March
1997-04-30,1214,112.77776354283361,8.184999999999999,-4.36,2740.0,1997,4,April
1997-05-31,773,88.75072144890038,8.43,-4.45,1000.0,1997,5,May
1997-06-30,804,85.89587866915423,8.16,-12.0,1040.0,1997,6,June
1997-07-31,818,91.22383371638142,8.030000000000001,-3.93,1230.0,1997,7,July
1997-08-31,670,83.6222345074627,8.2,-8.88,1460.0,1997,8,August
1997-09-30,762,94.97771039632545,8.35,-5.21,1560.0,1997,9,September
1997-10-31,884,101.33654953506787,8.31,-2.96,1620.0,1997,10,October
1997-11-30,765,115.09857027450981,8.05,-1.13,4480.0,1997,11,November
1997-12-31,667,112.32147424287857,7.0,-3.46,2010.0,1997,12,December
1998-01-31,158,144.16503164556963,8.309999999999999,0.004,1210.0,1998,1,January
1998-02-28,738,111.48918711382115,8.215,-7.33,1920.0,1998,2,February
1998-03-31,723,108.97549821576764,8.2,-2.05,1580.0,1998,3,March
1998-04-30,913,96.55921976330777,8.3,-5.48,1200.0,1998,4,April
1998-05-31,918,98.73259188126362,8.225000000000001,-7.55,2010.0,1998,5,May
1998-06-30,925,87.86684912436756,8.32,-2.96,978.0,1998,6,June
1998-07-31,837,101.08551489844685,8.23,-9.11,1420.0,1998,7,July
1998-08-31,827,101.62457565900846,8.13,-2.38,1690.0,1998,8,August
1998-09-30,984,97.79931954268292,8.22,-5.59,1490.0,1998,9,September
1998-10-31,850,110.45979989411765,8.225000000000001,-7.01,1560.0,1998,10,October
1998-11-30,905,106.25779330828729,6.9,-8.26,1600.0,1998,11,November
1998-12-31,811,116.11828683107275,8.16,-2.17,1530.0,1998,12,December
1999-01-31,640,124.090477765625,8.03,-7.56,1940.0,1999,1,January
1999-02-28,277,161.73842057761735,9.5,-1.35,1700.0,1999,2,February
1999-03-31,1383,113.05720033984092,8.04,-5.81,2390.0,1999,3,March
1999-04-30,918,107.7468343137255,8.17,-5.7,1370.0,1999,4,April
1999-05-31,930,101.46004319354839,7.965,-5.2,1340.0,1999,5,May
1999-06-30,909,117.00965119471947,8.16,-2.69,2210.0,1999,6,June
1999-07-31,919,111.19895015995647,8.23,-5.49,1500.0,1999,7,July
1999-08-31,972,95.7123801728395,7.984999999999999,-3.03,1320.0,1999,8,August
1999-09-30,951,98.08552661409044,8.2,-5.14,2070.0,1999,9,September
1999-10-31,441,95.48675553287981,7.91,-3.43,1030.0,1999,10,October
1999-11-30,1348,101.08069051372404,7.635,-4.85,1920.0,1999,11,November
1999-12-31,319,125.79448746081505,8.23,-4.07,1300.0,1999,12,December
2000-01-31,780,161.29494163076924,8.54,-4.81,8600.0,2000,1,January
2000-02-29,1382,142.85659009826338,8.165,-4.45,14500.0,2000,2,February
2000-03-31,1129,133.49016578387955,8.19,-4.09,3860.0,2000,3,March
2000-04-30,498,127.023509437751,8.285,-5.21,3000.0,2000,4,April
2000-05-31,1508,108.58699618037134,8.274999999999999,-3.12,2800.0,2000,5,May
2000-06-30,793,211.054002480454,8.34,-1.58,37000.0,2000,6,June
2000-07-31,829,227.16864629674308,8.41,-2.2,70000.0,2000,7,July
2000-08-31,1712,512.2280130373832,10.55,-4.78,160000.0,2000,8,August
2000-09-30,1103,198.33488956482321,11.5,-3.28,17000.0,2000,9,September
2000-10-31,951,199.38098934805467,11.4,-4.12,23000.0,2000,10,October
2000-11-30,1009,396.7980591476709,11.5,-3.14,98000.0,2000,11,November
2000-12-31,175,155.25693314285715,12.0,-1.62,2610.0,2000,12,December
2001-01-31,1129,150.7382862081488,8.28,-2.62,11000.0,2001,1,January
2001-02-28,549,108.76430435336975,8.27,-3.21,1660.0,2001,2,February
2001-03-31,831,135.7011431732852,8.95,-4.03,4380.0,2001,3,March
2001-04-30,1027,96.61719635159689,7.94,-5.3,1910.0,2001,4,April
2001-05-31,1006,229.16899100994036,9.985,-4.41,12000.0,2001,5,May
2001-06-30,773,131.47501591203107,8.58,-1.9,1820.0,2001,6,June
2001-07-31,831,199.98401688327314,9.67,-4.92,9748.0,2001,7,July
2001-08-31,954,195.49298307232706,8.504999999999999,-1.75,9771.0,2001,8,August
2001-09-30,754,236.9205549734748,8.54,-4.82,30000.0,2001,9,September
2001-10-31,757,263.04823829590487,9.9,-6.33,11000.0,2001,10,October
2001-11-30,1006,143.79193019880717,8.315000000000001,-7.58,4700.0,2001,11,November
2001-12-31,312,192.42751185897436,8.215,-0.737,7200.0,2001,12,December
2002-01-31,1299,191.82439802925327,8.43,-4.51,9722.0,2002,1,January
2002-02-28,343,170.26007055393586,9.5,-0.05,3600.0,2002,2,February
2002-03-31,491,284.8283553971487,12.5,0.0025,9273.0,2002,3,March
2002-04-30,0,,,,,2002,4,April
2002-05-31,510,130.54320098039216,10.35,-8.23,9700.0,2002,5,May
2002-06-30,1983,170.70890984871406,8.87,-8.6,9318.0,2002,6,June
2002-07-31,1372,107.97906927842565,9.6,-4.89,1300.0,2002,7,July
2002-08-31,1148,170.6576376219512,11.5,-4.47,9210.0,2002,8,August
2002-09-30,1012,213.8487953063241,10.149999999999999,-6.04,9652.0,2002,9,September
2002-10-31,1166,170.93694659519724,8.385000000000002,-4.71,9087.0,2002,10,October
2002-11-30,1276,152.81509494514106,8.165,-2.78,11000.0,2002,11,November
2002-12-31,122,197.47869016393443,8.344999999999999,-1.59,3600.0,2002,12,December
2003-01-31,1021,161.84054573888343,7.99,-6.75,4970.0,2003,1,January
2003-02-28,71,354.28123253521125,4.2,-0.157,9360.0,2003,2,February
2003-03-31,935,116.37715713368983,8.05,-7.76,3800.0,2003,3,March
2003-04-30,493,128.89004854766733,8.18,-780.0,3977.0,2003,4,April
2003-05-31,2140,129.7674193691589,9.4,-21.6,8290.0,2003,5,May
2003-06-30,1503,115.75093477312042,8.42,-13.3,2490.0,2003,6,June
2003-07-31,1611,115.5718012464308,8.44,-13.4,8890.0,2003,7,July
2003-08-31,1351,175.71797590747593,9.8,-6.94,15000.0,2003,8,August
2003-09-30,1348,101.34020971810088,9.355,-9.3,1740.0,2003,9,September
2003-10-31,1494,96.97095190093708,8.4,-12.6,1300.0,2003,10,October
2003-11-30,1257,193.24304892680985,8.23,-14.7,44000.0,2003,11,November
2003-12-31,91,139.70547582417583,6.0,-1.05,3500.0,2003,12,December
2004-01-31,643,121.39148771384136,8.18,-6.57,3191.0,2004,1,January
2004-02-29,646,190.19489659442723,8.295,-18.7,7101.0,2004,2,February
2004-03-31,1023,140.78600855327468,10.23,-12.5,12000.0,2004,3,March
2004-04-30,1309,118.98124380366693,8.5,-15.8,3500.0,2004,4,April
2004-05-31,1357,126.44984127487103,9.02,-10.1,10000.0,2004,5,May
2004-06-30,1425,111.85427730526315,8.55,-10.8,8296.0,2004,6,June
2004-07-31,1424,149.42074678370787,8.965,-9.26,15000.0,2004,7,July
2004-08-31,1012,120.50186546541502,8.504999999999999,-18.1,8700.0,2004,8,August
2004-09-30,1665,112.46988806006006,8.47,-25.8,2100.0,2004,9,September
2004-10-31,1340,107.94580178507462,8.46,-27.2,5700.0,2004,10,October
2004-11-30,1217,267.1283526129828,8.39,-23.7,53000.0,2004,11,November
2004-12-31,199,106.23148386934673,8.26,-1.7,1950.0,2004,12,December
2005-01-31,1118,211.9746450626118,8.25,-5.97,8816.0,2005,1,January
2005-02-28,602,126.21012774086378,7.825,-4.48,3210.0,2005,2,February
2005-03-31,937,109.1351272145144,8.25,-2.02,5100.0,2005,3,March
2005-04-30,1503,173.0385990499002,8.26,-6.09,9785.0,2005,4,April
2005-05-31,1392,127.65339187499998,8.48,-8.09,7009.0,2005,5,May
2005-06-30,1412,188.8872178045326,8.48,-7.11,36000.0,2005,6,June
2005-07-31,1412,126.24295371104816,8.44,-7.07,13000.0,2005,7,July
2005-08-31,1508,119.86744913859417,8.245000000000001,-5.39,12000.0,2005,8,August
2005-09-30,1469,226.5806100816882,9.3,-6.96,63000.0,2005,9,September
2005-10-31,1255,101.55480702071713,8.1,-12.6,1350.0,2005,10,October
2005-11-30,1359,123.18904841501104,8.34,-2.03,8000.0,2005,11,November
2005-12-31,164,140.08246675,5.345000000000001,-0.604,4010.0,2005,12,December
2006-01-31,622,247.3138444694534,8.0,-5.99,9558.0,2006,1,January
2006-02-28,6,38.72516666666667,53.5,0.02,63.3,2006,2,February
2006-03-31,8,22.8257,15.0767,0.014,63.0,2006,3,March
2006-04-30,161,32.923268236024846,1.27,0.0015,587.0,2006,4,April
2006-05-31,18,21.823944444444447,22.5,0.016,52.0,2006,5,May
2006-06-30,1084,134.60262072878228,8.52,-3.57,3900.0,2006,6,June
2006-07-31,1259,278.39672030182686,8.9,-3.85,68000.0,2006,7,July
2006-08-31,1308,112.62657383103975,8.41,-3.81,14000.0,2006,8,August
2006-09-30,1230,178.49171767577235,10.524999999999999,-6.08,52000.0,2006,9,September
2006-10-31,1293,368.94359199381284,9.1,-3.81,90000.0,2006,10,October
2006-11-30,1176,273.0628778813776,8.47,-11.1,67000.0,2006,11,November
2006-12-31,165,1619.474786930909,6.543589,-3.02,97000.0,2006,12,December
2007-01-31,1195,199.5188443037657,8.33,-6.76,88000.0,2007,1,January
2007-02-28,658,177.13723456838906,8.125,-15.6,11800.0,2007,2,February
2007-03-31,899,196.67098842046718,7.95,-14.4,34000.0,2007,3,March
2007-04-30,1256,232.93577828423565,8.18,-12.2,53000.0,2007,4,April
2007-05-31,1228,222.549670480456,8.305,-10.7,63000.0,2007,5,May
2007-06-30,1247,276.33711989975944,8.21,-11.8,140000.0,2007,6,June
2007-07-31,1137,143.41018321459984,8.42,-6.33,21000.0,2007,7,July
2007-08-31,1220,100.50226431147541,8.32,-5.22,4100.0,2007,8,August
2007-09-30,1228,273.2165569299674,8.434999999999999,-7.89,40000.0,2007,9,September
2007-10-31,1239,95.2626388054883,8.27,-6.23,2600.0,2007,10,October
2007-11-30,1216,273.77621627467107,8.11,-14.7,90000.0,2007,11,November
2007-12-31,85,223.0976388235294,8.37,-9.24,4300.0,2007,12,December
2008-01-31,1246,101.83604465489566,7.1850000000000005,-10.1,5060.0,2008,1,January
2008-02-29,603,102.54530441127694,7.79,-2.6,4640.0,2008,2,February
2008-03-31,775,315.1235435096774,8.04,-5.2,63000.0,2008,3,March
2008-04-30,1555,213.55108801221866,7.77,-7.84,78000.0,2008,4,April
2008-05-31,1164,133.09592408934708,8.37,-5.8,27000.0,2008,5,May
2008-06-30,1330,221.97614990300752,8.35,-3.98,68000.0,2008,6,June
2008-07-31,1272,266.29982637578615,8.24,-4.26,85000.0,2008,7,July
2008-08-31,1609,192.35943056556866,8.4,-7.66,98000.0,2008,8,August
2008-09-30,1216,366.2226051430921,8.26,-8.37,120000.0,2008,9,September
2008-10-31,1268,101.27295020504732,7.93,-7.72,13000.0,2008,10,October
2008-11-30,1480,96.56910399864864,7.84,-6.38,6600.0,2008,11,November
2008-12-31,168,1181.6726119047619,8.265,-18.4,98000.0,2008,12,December
2009-01-31,1132,92.66004645759718,6.984999999999999,-11.1,3314.0,2009,1,January
2009-02-28,623,96.09249036918138,6.93,-15.5,4689.0,2009,2,February
2009-03-31,851,111.34687245475911,7.71,-13.1,4400.0,2009,3,March
2009-04-30,1123,90.70392919768477,8.33,-7.44,2522.0,2009,4,April
2009-05-31,972,117.86053313168725,8.075,-7.69,4380.0,2009,5,May
2009-06-30,1099,95.18766124567789,6.91,-7.4,1981.0,2009,6,June
2009-07-31,1177,127.09586446898896,7.84,-11.3,10000.0,2009,7,July
2009-08-31,1136,143.21081262852113,7.845,-9.85,33000.0,2009,8,August
2009-09-30,1133,125.36031187290381,8.07,-20.6,12000.0,2009,9,September
2009-10-31,1016,104.74881358267716,7.855,-2.1,5400.0,2009,10,October
2009-11-30,1017,106.48250452310718,5.9,-1.44,6400.0,2009,11,November
2009-12-31,166,235.12841807228915,7.625,-1.39,6700.0,2009,12,December
2010-01-31,765,139.6387679738562,5.61,-1.48,5492.0,2010,1,January
2010-02-28,777,263.6034595881596,7.5,-19.8,15825.0,2010,2,February
2010-03-31,202,126.387300990099,8.25,-1.22,2220.0,2010,3,March
2010-04-30,1640,86.90466865853658,5.2,-1.52,2631.0,2010,4,April
2010-05-31,1191,99.91496020151133,7.92,-1.17,2270.0,2010,5,May
2010-06-30,639,225.11744131455401,8.42,-8.96,18000.0,2010,6,June
2010-07-31,1780,118.68544550561798,8.515,-17.4,38000.0,2010,7,July
2010-08-31,1267,90.80868539857931,7.06,-1.98,3800.0,2010,8,August
2010-09-30,545,320.8439366972477,8.25,-10.6,41000.0,2010,9,September
2010-10-31,1817,123.7554253164557,7.11,-1.61,8700.0,2010,10,October
2010-11-30,894,92.79389250559284,6.25,-1.56,3000.0,2010,11,November
2010-12-31,195,271.49268051282047,7.25,-7.88,6823.0,2010,12,December
2011-01-31,824,272.9572196601942,6.075,-9.73,24880.0,2011,1,January
2011-02-28,816,170.8651050245098,7.855,-9.31,10370.0,2011,2,February
2011-03-31,273,309.0970655677656,8.4,-23.2,10093.0,2011,3,March
2011-04-30,1946,98.82014419321685,4.609999999999999,-5.64,4000.0,2011,4,April
2011-05-31,1225,102.80156016326531,8.37,-1.19,4390.0,2011,5,May
2011-06-30,629,251.74709586645469,8.27,-1.97,39000.0,2011,6,June
2011-07-31,1817,101.42116367638965,7.39,-2.81,4500.0,2011,7,July
2011-08-31,769,89.85989115734719,8.08,-2.13,1800.0,2011,8,August
2011-09-30,1694,88.00459935064936,5.755000000000001,-2.08,6300.0,2011,9,September
2011-10-31,1341,107.82909694258015,7.84,-1.99,7500.0,2011,10,October
2011-11-30,484,104.69667933884297,5.475,-2.67,2500.0,2011,11,November
2011-12-31,814,154.01355773955774,7.605,-1.7,15000.0,2011,12,December
2012-01-31,828,139.62478381642512,7.484999999999999,-2.16,3842.0,2012,1,January
2012-02-29,196,303.07873163265305,7.765000000000001,-5.99,5602.0,2012,2,February
2012-03-31,1522,105.62985085413929,6.2,-2.58,3900.0,2012,3,March
2012-04-30,1244,89.83764879421221,6.08,-2.81,2350.0,2012,4,April
2012-05-31,608,112.66912746710526,8.0,-1.35,2987.0,2012,5,May
2012-06-30,1850,100.94441378378379,7.83,-2.27,2480.0,2012,6,June
2012-07-31,1367,178.28667935332845,4.11,-6.96,91000.0,2012,7,July
2012-08-31,1552,96.7331875,6.785,-7.46,7380.0,2012,8,August
2012-09-30,1295,80.34440636293436,4.9,-17.2,2000.0,2012,9,September
2012-10-31,620,72.63715193548387,4.76,-3.53,1320.0,2012,10,October
2012-11-30,1990,83.19790062964823,4.16,-4.86,6200.0,2012,11,November
2012-12-31,222,109.73382054054053,3.71,-3.65,1774.0,2012,12,December
2013-01-31,240,209.55524458333332,4.9,-12.1,6999.0,2013,1,January
2013-02-28,1396,102.78624169770774,3.22,-34.5,5580.0,2013,2,February
2013-03-31,1258,158.11926585850557,3.8,-49.6,8607.0,2013,3,March
2013-04-30,1568,83.66888183864795,3.6,-17.9,20000.0,2013,4,April
2013-05-31,1408,163.87076141335226,5.66,-14.2,13000.0,2013,5,May
2013-06-30,1321,78.06573930355792,3.8,-16.7,3500.0,2013,6,June
2013-07-31,562,270.12507928825625,7.65,-5.05,22000.0,2013,7,July
2013-08-31,2348,131.25011751490632,4.470000000000001,-14.9,46000.0,2013,8,August
2013-09-30,1508,65.48367744562334,4.640000000000001,-8.62,1500.0,2013,9,September
2013-10-31,614,83.77833343648209,4.955,-8.46,3700.0,2013,10,October
2013-11-30,1231,76.61479764581641,4.0,-8.86,1360.0,2013,11,November
2013-12-31,6,22.391583333333333,3.5,0.0158,66.6,2013,12,December
2014-01-31,669,172.14518201793723,4.0,-63.4,17500.0,2014,1,January
2014-02-28,747,155.8910817536814,3.76,-27.0,6633.0,2014,2,February
2014-03-31,899,131.10775461624027,3.41,-29.9,6313.0,2014,3,March
2014-04-30,657,110.18913660578386,4.0,-17.4,4578.0,2014,4,April
2014-05-31,2246,81.08371504140695,3.52,-18.1,3540.0,2014,5,May
2014-06-30,1316,127.6127053799392,3.8099999999999996,-9.08,14000.0,2014,6,June
2014-07-31,634,91.31111222397477,3.87,-8.18,2282.0,2014,7,July
2014-08-31,1976,116.97896112348178,3.2,-11.0,15000.0,2014,8,August
2014-09-30,1439,77.7495348714385,4.13,-8.06,1700.0,2014,9,September
2014-10-31,1296,88.7597543441358,3.6,-8.51,8448.0,2014,10,October
2014-11-30,1390,159.234306323741,2.9050000000000002,-20.9,8274.0,2014,11,November
2014-12-31,227,310.450014537445,4.8,-15.7,11000.0,2014,12,December
2015-01-31,2381,385.6919377446451,7.79,-81.7,14426.0,2015,1,January
2015-02-28,2348,367.14626195911416,7.825,-63.2,22000.0,2015,2,February
2015-03-31,2625,338.42259403047615,7.92,-28.4,77000.0,2015,3,March
2015-04-30,2368,212.4107523015203,8.1,-11.0,47000.0,2015,4,April
2015-05-31,3304,211.64311753026632,7.54,-19.8,84000.0,2015,5,May
2015-06-30,2646,182.11235126530613,8.035,-7.31,38000.0,2015,6,June
2015-07-31,2711,133.8621566385098,7.64,-8.92,4260.0,2015,7,July
2015-08-31,2641,541.9354865088982,8.23,-10.8,300000.0,2015,8,August
2015-09-30,1774,133.08918782976326,9.515,-8.72,2034.0,2015,9,September
2015-10-31,2261,149.6726543224237,8.54,-8.58,4700.0,2015,10,October
2015-11-30,2005,167.7182493266833,8.44,0.0,6100.0,2015,11,November
2015-12-31,1515,532.3903644884489,12.05,0.0,280000.0,2015,12,December
2016-01-31,2268,397.03896102292765,8.2,-51.5,360000.0,2016,1,January
2016-02-29,1653,704.4434309134907,15.0,-240.0,97000.0,2016,2,February
2016-03-31,2439,219.74402857318572,9.91,-29.4,31000.0,2016,3,March
2016-04-30,3523,186.99085758444508,8.19,-46.4,110000.0,2016,4,April
2016-05-31,2448,170.45510068218954,8.415,-21.7,61000.0,2016,5,May
2016-06-30,1921,173.65843815200418,9.17,-47.1,4118.0,2016,6,June
2016-07-31,3137,130.08175416321325,8.4,-38.5,3223.0,2016,7,July
2016-08-31,1916,168.6628456158664,10.2,-15.1,28000.0,2016,8,August
2016-09-30,2836,131.12826674894217,8.76,-24.0,9100.0,2016,9,September
2016-10-31,1751,197.24288823529412,10.52,0.003,30000.0,2016,10,October
2016-11-30,1424,293.0907076544944,13.18,0.003,16500.0,2016,11,November
2016-12-31,1847,365.00433188955066,9.89,0.0,11000.0,2016,12,December
2017-01-31,2522,217.607211740682,8.66,-75.6,9500.0,2017,1,January
2017-02-28,2467,248.36371848398866,8.39,-44.4,8548.0,2017,2,February
2017-03-31,2458,263.9831264401953,8.3,-42.8,12570.0,2017,3,March
2017-04-30,2706,137.99794059497412,8.36,-33.9,4610.0,2017,4,April
2017-05-31,1958,177.5623133299285,9.16,-31.4,8000.0,2017,5,May
2017-06-30,3290,121.93739006990882,8.58,-36.5,20100.0,2017,6,June
2017-07-31,2606,214.76542816577128,10.649999999999999,-23.8,51000.0,2017,7,July
2017-08-31,2217,128.51202830697656,10.05,-17.8,3500.0,2017,8,August
2017-09-30,3268,124.16638741738066,8.35,-87.0,2873.0,2017,9,September
2017-10-31,2615,120.50247697896751,8.56,-14.9,9100.0,2017,10,October
2017-11-30,1898,128.7639894625922,8.315000000000001,-38.6,2001.0,2017,11,November
2017-12-31,2414,270.3230879411765,8.335,-152.0,12380.0,2017,12,December
2018-01-31,1871,341.17448893639767,13.4,-15.4,64200.0,2018,1,January
2018-02-28,2537,427.467516791486,9.73,-51.5,460000.0,2018,2,February
2018-03-31,3210,414.5790969470405,7.98,-32.1,680000.0,2018,3,March
2018-04-30,2614,167.74817689364957,8.675,-30.2,59000.0,2018,4,April
2018-05-31,1965,287.87116437659034,10.53,-15.7,230000.0,2018,5,May
2018-06-30,3487,164.35040246630342,8.17,-19.4,35000.0,2018,6,June
2018-07-31,2663,126.58918926023281,8.41,-15.2,13700.0,2018,7,July
2018-08-31,2865,140.25076659685865,8.43,-17.5,6900.0,2018,8,August
2018-09-30,2508,125.4755023923445,8.205,-17.8,4400.0,2018,9,September
2018-10-31,2946,130.3825795315682,8.14,-61.9,19000.0,2018,10,October
2018-11-30,3279,157.93000573345532,7.34,-17.4,10000.0,2018,11,November
2018-12-31,1661,211.7918270319085,8.2,-29.6,6330.0,2018,12,December
2019-01-31,1830,402.29701229508197,8.2,-892.0,37000.0,2019,1,January
2019-02-28,2181,269.6598188950023,7.6,-26.9,11800.0,2019,2,February
2019-03-31,3601,278.51329350791445,7.65,-127.0,120000.0,2019,3,March
2019-04-30,2355,153.61096068322718,8.2,-9.17,3756.0,2019,4,April
2019-05-31,2015,166.74115205955334,10.1,0.0,4400.0,2019,5,May
2019-06-30,2375,276.1957497263158,8.67,-11.1,24196.0,2019,6,June
2019-07-31,2099,156.85769226774653,9.22,-8.43,24196.0,2019,7,July
2019-08-31,3463,109.9997519335836,8.2,-8.32,5400.0,2019,8,August
2019-09-30,2533,144.00798094236083,8.47,-10.5,10970.0,2019,9,September
2019-10-31,2134,116.85884062652296,9.465,-8.1,2500.0,2019,10,October
2019-11-30,2426,147.11722466982687,6.795,-12.6,46000.0,2019,11,November
2019-12-31,1617,265.52751731601734,14.8,-14.5,5550.0,2019,12,December
2020-01-31,2339,242.96022026507052,8.1,-39.3,9224.0,2020,1,January
2020-02-29,1472,198.83810563858697,6.895,-35.7,6853.0,2020,2,February
2020-03-31,929,572.5464482238967,12.27,-101.0,15387.0,2020,3,March
2020-04-30,0,,,,,2020,4,April
2020-05-31,1585,226.632770851735,14.4,0.0,4880.0,2020,5,May
2020-06-30,1611,227.31845437616388,17.26,0.0025,9600.0,2020,6,June
2020-07-31,1686,210.39383214709372,20.0,0.0,11000.0,2020,7,July
2020-08-31,1759,188.43111563388288,17.8,0.0,11000.0,2020,8,August
2020-09-30,1769,177.35522181062748,14.3,0.0,2960.0,2020,9,September
2020-10-31,2490,101.37572813253011,7.85,-17.7,6080.0,2020,10,October
2020-11-30,1898,221.51572097931665,8.13,-176.0,9330.0,2020,11,November
2020-12-31,1707,333.06194852529876,8.37,-28.9,17100.0,2020,12,December
2021-01-31,1615,397.9364806377709,8.3,-91.1,24506.0,2021,1,January
2021-02-28,1571,471.7291776570159,9.9,-158.0,16040.0,2021,2,February
2021-03-31,1701,291.95327436687774,9.1,0.0,8111.0,2021,3,March
2021-04-30,1185,261.87320151898734,10.58,0.0,5180.0,2021,4,April
2021-05-31,1235,245.35922510121455,11.58,0.0024,5780.0,2021,5,May
2021-06-30,1285,191.87531564202334,12.0,0.0,7420.0,2021,6,June
2021-07-31,1222,150.52737716169395,9.732475298,0.0,4000.0,2021,7,July
2021-08-31,2256,152.64509581365115,14.225,0.0,5900.0,2021,8,August
2021-09-30,1620,144.05322903181852,12.9,0.0,8530.0,2021,9,September
2021-10-31,1244,152.23444103020256,11.43,0.0027156,3560.0,2021,10,October
2021-11-30,1204,167.58730609375914,8.565000000000001,0.0,2240.0,2021,11,November
2021-12-31,1312,207.29573318150457,8.3,0.004212617,4060.0,2021,12,December
2022-01-31,1416,358.69662867231636,8.04,0.0,36900.0,2022,1,January
2022-02-28,1296,276.0620307098765,8.7,0.006,16120.0,2022,2,February
2022-03-31,1531,310.8638824584709,8.4,-7.0,21600.0,2022,3,March
2022-04-30,1645,195.98292048632217,8.23,0.0,6200.0,2022,4,April
2022-05-31,1379,225.5559811378006,12.05,0.0,4600.0,2022,5,May
2022-06-30,1457,254.37738922443376,15.8,0.0,7500.0,2022,6,June
2022-07-31,1520,198.8421979605263,12.765,0.0,6330.0,2022,7,July
2022-08-31,1500,158.37009453333334,14.95,0.0,6900.0,2022,8,August
2022-09-30,1435,179.16488271777004,10.08,0.0,12300.0,2022,9,September
2022-10-31,1438,166.43460111265645,9.1,0.0,2780.0,2022,10,October
2022-11-30,1347,251.081723904974,9.6,0.0,7800.0,2022,11,November
2022-12-31,1564,438.1082847186701,8.45,0.0,83000.0,2022,12,December
2023-01-31,21,246.27285714285716,7.5,-5.0,3540.0,2023,1,January
2023-02-28,21,217.52,7.2,-5.0,3190.0,2023,2,February
2023-03-31,48,98.095625,7.75,0.0,1294.0,2023,3,March
2023-04-30,29,82.61724137931034,8.0,0.0,423.0,2023,4,April
2023-05-31,102,138.7959019607843,13.6,0.0,1999.0,2023,5,May
2023-06-30,242,111.55180882041323,19.9,0.0,2419.6,2023,6,June
2023-07-31,223,126.06637231534977,21.4,0.0,2419.6,2023,7,July
2023-08-31,273,104.91016483516484,19.8,0.0,2419.6,2023,8,August
2023-09-30,104,151.5013173076923,19.95,0.0,2419.6,2023,9,September
2023-10-31,0,,,,,2023,10,October
2023-11-30,9,140.26233333333334,6.8,0.0,961.0,2023,11,November
2023-12-31,0,,,,,2023,12,December
2024-01-31,9,235.52877777777778,7.8,-11.0,1790.0,2024,1,January
